activation,blocks,dropout,hidden_size,hidden_size_pattern,lr,weight_decay,train_loss,val_loss,mae_0,mae_1,rmse_0,rmse_1,r2_0,r2_1,medae_0,medae_1,model_feature_type
relu,3,0.1,256,decreasing,0.001,1e-05,0.5443972945213318,0.7103356719017029,38.32881164550781,10.410491943359377,51.20913314819336,12.71747589111328,0.4751008152961731,0.1966243386268615,25.648483276367188,9.516545295715332,tfidf
relu,3,0.1,256,decreasing,0.001,1e-06,0.5192335247993469,0.7071612477302551,38.94740676879883,10.23245906829834,51.81767272949219,12.62807273864746,0.462551474571228,0.2078800201416015,26.69171142578125,9.604549407958984,tfidf
relu,3,0.1,256,decreasing,0.0001,1e-05,0.515019953250885,0.6884363889694214,39.15124130249024,10.254815101623535,50.462852478027344,12.580305099487305,0.4902882575988769,0.213861346244812,31.131591796875,9.39559555053711,tfidf
relu,3,0.1,256,decreasing,0.0001,1e-06,0.5230962634086609,0.6935967206954956,38.472991943359375,10.477892875671388,49.81904602050781,12.727731704711914,0.5032111406326294,0.1953280568122863,28.64486694335937,9.60086727142334,tfidf
relu,3,0.1,256,constant,0.001,1e-05,0.4247321784496307,0.680500864982605,37.301368713378906,10.184422492980955,49.7076530456543,12.58971881866455,0.5054302215576172,0.2126843333244323,28.5867919921875,8.968547821044922,tfidf
relu,3,0.1,256,constant,0.001,1e-06,0.6407528519630432,0.6982375383377075,40.10199737548828,10.454405784606934,51.77598190307617,12.566620826721191,0.4634159207344055,0.2155706882476806,29.636795043945312,10.232032775878906,tfidf
relu,3,0.1,256,constant,0.0001,1e-05,0.5350507497787476,0.6733946800231934,37.89788818359375,10.39463710784912,49.04964828491211,12.530911445617676,0.5184372663497925,0.2200223803520202,30.885894775390625,9.884153366088867,tfidf
relu,3,0.1,256,constant,0.0001,1e-06,0.5407664179801941,0.6936226487159729,38.39933395385742,10.51297092437744,49.8056755065918,12.753787994384766,0.5034777522087097,0.1920300126075744,31.069122314453125,9.898192405700684,tfidf
relu,3,0.1,512,decreasing,0.001,1e-05,0.5834028124809265,0.7255163192749023,40.90386962890625,10.549328804016112,52.42097473144531,12.85533046722412,0.4499638676643371,0.1791131496429443,32.086151123046875,9.591510772705078,tfidf
relu,3,0.1,512,decreasing,0.001,1e-06,0.497831791639328,0.7044610977172852,36.50749588012695,10.751141548156738,48.22749710083008,13.16150951385498,0.5344455242156982,0.1395449042320251,28.483642578125,9.55295181274414,tfidf
relu,3,0.1,512,decreasing,0.0001,1e-05,0.4903433322906494,0.6897109746932983,38.40937805175781,10.365528106689451,50.01031494140625,12.624667167663574,0.4993892312049866,0.208307147026062,28.67500305175781,9.793540954589844,tfidf
relu,3,0.1,512,decreasing,0.0001,1e-06,0.5021191835403442,0.689545214176178,38.774539947509766,10.379888534545898,49.96166229248047,12.623148918151855,0.500362753868103,0.2084976434707641,29.9739990234375,9.80549144744873,tfidf
relu,3,0.1,512,constant,0.001,1e-05,0.4700379371643066,0.694998562335968,37.603912353515625,10.256187438964844,50.68400192260742,12.573809623718262,0.4858108758926391,0.2146729826927185,27.337066650390625,9.689775466918944,tfidf
relu,3,0.1,512,constant,0.001,1e-06,0.4704585373401642,0.7224863171577454,39.08559036254883,10.213558197021484,52.01448059082031,12.738171577453612,0.4584612250328064,0.1940075159072876,28.110321044921875,9.302068710327148,tfidf
relu,3,0.1,512,constant,0.0001,1e-05,0.5121132135391235,0.6876541376113892,38.72551345825195,10.440125465393066,49.72291564941406,12.647809982299805,0.5051264762878418,0.2054020762443542,31.1048583984375,9.916168212890623,tfidf
relu,3,0.1,512,constant,0.0001,1e-06,0.4794624447822571,0.6909045577049255,38.40810012817383,10.423103332519531,50.16655349731445,12.642983436584473,0.4962563514709472,0.2060083150863647,31.06869506835937,9.526780128479004,tfidf
relu,3,0.3,256,decreasing,0.001,1e-05,0.4249773919582367,0.6746138334274292,36.33366012573242,10.254249572753906,48.81227493286133,12.687943458557127,0.5230870246887207,0.2003511786460876,24.201095581054688,9.75083351135254,tfidf
relu,3,0.3,256,decreasing,0.001,1e-06,0.4933909773826599,0.6853485703468323,36.54044342041016,10.328167915344238,49.1616325378418,12.727441787719728,0.5162358283996582,0.1953648328781128,25.033187866210938,9.459321022033691,tfidf
relu,3,0.3,256,decreasing,0.0001,1e-05,1.0013885498046875,1.0606023073196411,59.375579833984375,12.060118675231934,70.79301452636719,14.25534725189209,-0.0031405687332153,-0.0094212293624877,47.894561767578125,8.155119895935059,tfidf
relu,3,0.3,256,decreasing,0.0001,1e-06,0.5387823581695557,0.6924604177474976,37.95322799682617,10.522746086120604,50.11445999145508,12.696306228637695,0.4973019361495971,0.1992967128753662,27.559814453125,9.729604721069336,tfidf
relu,3,0.3,256,constant,0.001,1e-05,0.4782305061817169,0.6893150210380554,36.80201721191406,10.45822525024414,49.3473014831543,12.741584777832031,0.5125749111175537,0.1935755610466003,24.139450073242188,9.861495971679688,tfidf
relu,3,0.3,256,constant,0.001,1e-06,0.5988405346870422,0.708689272403717,39.41812896728516,10.46107006072998,51.88008117675781,12.680204391479492,0.4612561464309692,0.2013263702392578,28.547515869140625,9.291912078857422,tfidf
relu,3,0.3,256,constant,0.0001,1e-05,0.4830568432807922,0.6912775039672852,37.80659866333008,10.451997756958008,49.48506546020508,12.774160385131836,0.5098496675491333,0.1894468069076538,28.984786987304688,9.647918701171877,tfidf
relu,3,0.3,256,constant,0.0001,1e-06,0.5193086862564087,0.6868666410446167,37.91081619262695,10.302729606628418,50.0250244140625,12.614852905273438,0.4990946650505066,0.2095376849174499,27.34234619140625,9.310638427734377,tfidf
relu,3,0.3,512,decreasing,0.001,1e-05,0.4986154735088348,0.7076811194419861,38.85190963745117,10.305116653442385,50.968257904052734,12.796797752380373,0.4800272583961487,0.1865714192390442,28.009307861328125,9.49790859222412,tfidf
relu,3,0.3,512,decreasing,0.001,1e-06,0.5908036828041077,0.7032498121261597,38.90990829467773,10.294307708740234,51.77143096923828,12.566527366638184,0.4635103344917297,0.2155823111534118,30.34747314453125,9.510771751403809,tfidf
relu,3,0.3,512,decreasing,0.0001,1e-05,0.5039145946502686,0.6940637826919556,37.60765075683594,10.450303077697754,49.449588775634766,12.837058067321776,0.510552167892456,0.1814450621604919,25.829620361328125,9.51231288909912,tfidf
relu,3,0.3,512,decreasing,0.0001,1e-06,0.5480901598930359,0.6972116231918335,38.14028549194336,10.537694931030272,50.164852142333984,12.758600234985352,0.4962905645370483,0.1914201378822326,29.49774169921875,9.981863021850586,tfidf
relu,3,0.3,512,constant,0.001,1e-05,0.6141680479049683,0.7095484137535095,40.99717712402344,10.38706398010254,52.46553421020508,12.54964542388916,0.4490283727645874,0.217688500881195,35.68556213378906,10.056047439575195,tfidf
relu,3,0.3,512,constant,0.001,1e-06,0.4683619439601898,0.6899175643920898,37.33644104003906,10.43081760406494,49.30735778808594,12.790695190429688,0.5133637189865112,0.1873470544815063,28.089630126953125,9.624582290649414,tfidf
relu,3,0.3,512,constant,0.0001,1e-05,0.5259073972702026,0.6988719701766968,38.83360290527344,10.528761863708496,50.35647201538086,12.736992835998535,0.4924350380897522,0.1941566467285156,31.27020263671875,9.837392807006836,tfidf
relu,3,0.3,512,constant,0.0001,1e-06,0.4864861071109772,0.7000961899757385,39.22307586669922,10.32688331604004,50.97259521484375,12.64235782623291,0.4799387454986572,0.2060868740081787,28.811309814453125,9.767478942871094,tfidf
relu,5,0.1,256,decreasing,0.001,1e-05,0.4223614037036896,0.7343217730522156,38.41055679321289,10.636481285095217,51.49643325805664,13.033272743225098,0.4691945910453796,0.1562305688858032,25.52743530273437,8.617986679077148,tfidf
relu,5,0.1,256,decreasing,0.001,1e-06,0.3996723294258117,0.7204042673110962,38.21051025390625,10.386673927307127,51.4972038269043,12.953876495361328,0.4691786766052246,0.1664794683456421,24.901382446289062,8.353853225708008,tfidf
relu,5,0.1,256,decreasing,0.0001,1e-05,0.6754517555236816,0.8156598806381226,39.7868537902832,12.242260932922363,51.03915786743164,14.363269805908203,0.478579580783844,-0.0247631072998046,30.35224914550781,10.259729385375977,tfidf
relu,5,0.1,256,decreasing,0.0001,1e-06,0.5104831457138062,0.7557556629180908,40.56854248046875,10.778231620788574,52.292362213134766,13.282452583312988,0.4526594877243042,0.1236584782600402,31.39898681640625,10.509637832641602,tfidf
relu,5,0.1,256,constant,0.001,1e-05,0.3649293184280395,0.6831344962120056,38.618160247802734,10.200685501098633,51.38044357299805,12.4282808303833,0.4715830087661743,0.2327464818954467,28.91880798339844,10.506863594055176,tfidf
relu,5,0.1,256,constant,0.001,1e-06,0.5052773356437683,0.6751624941825867,37.500370025634766,9.999688148498535,50.13336563110352,12.458892822265623,0.4969226121902466,0.2289620637893676,28.92247009277344,9.386594772338867,tfidf
relu,5,0.1,256,constant,0.0001,1e-05,0.4916117489337921,0.7271046042442322,39.210330963134766,10.793915748596191,52.16927337646485,12.873993873596191,0.4552332162857055,0.1767278909683227,28.0550537109375,10.31663703918457,tfidf
relu,5,0.1,256,constant,0.0001,1e-06,0.4820680618286133,0.7249040007591248,39.00108337402344,10.727060317993164,51.679969787597656,12.901711463928224,0.465404212474823,0.173179030418396,29.357086181640625,10.432523727416992,tfidf
relu,5,0.1,512,decreasing,0.001,1e-05,0.5673379302024841,0.6797775626182556,37.5613899230957,10.449736595153809,49.3359260559082,12.63784122467041,0.5127996206283569,0.2066540718078613,28.611114501953125,10.32265567779541,tfidf
relu,5,0.1,512,decreasing,0.001,1e-06,0.5796581506729126,0.7326794266700745,39.19895935058594,10.608480453491213,52.486305236816406,12.865285873413086,0.4485920667648315,0.1778412461280822,29.110885620117188,11.580536842346191,tfidf
relu,5,0.1,512,decreasing,0.0001,1e-05,0.4178669154644012,0.707268238067627,38.20232772827149,10.452073097229004,50.793731689453125,12.79042625427246,0.483582079410553,0.1873812675476074,29.703628540039062,10.071897506713867,tfidf
relu,5,0.1,512,decreasing,0.0001,1e-06,0.3963747024536133,0.7063952088356018,37.349517822265625,10.378467559814451,49.886966705322266,12.99222469329834,0.5018556118011475,0.1615369915962219,27.566818237304688,8.967061042785645,tfidf
relu,5,0.1,512,constant,0.001,1e-05,0.453226089477539,0.7053350210189819,38.70268630981445,10.252148628234863,51.24234008789063,12.773233413696287,0.4744198322296142,0.1895643472671508,29.641525268554688,9.405200004577637,tfidf
relu,5,0.1,512,constant,0.001,1e-06,0.2451533079147339,0.6967723369598389,36.478145599365234,10.518406867980955,48.29961395263672,13.046271324157717,0.5330522060394287,0.1545466780662536,26.462692260742188,8.540535926818848,tfidf
relu,5,0.1,512,constant,0.0001,1e-05,0.5495855808258057,0.7027028799057007,38.83073806762695,10.670202255249023,50.61764907836914,12.72354221343994,0.487156331539154,0.19585782289505,30.126449584960938,10.493687629699709,tfidf
relu,5,0.1,512,constant,0.0001,1e-06,0.4415673315525055,0.6836357116699219,38.465457916259766,10.513060569763184,49.64055252075195,12.608168601989746,0.5067645907402039,0.2103750705718994,29.765884399414062,9.200284957885742,tfidf
relu,5,0.3,256,decreasing,0.001,1e-05,0.5288820266723633,0.7198975086212158,37.720462799072266,10.567778587341309,51.58177185058594,12.892769813537598,0.4674338698387146,0.1743247509002685,27.33929443359375,9.93652629852295,tfidf
relu,5,0.3,256,decreasing,0.001,1e-06,0.4114877581596374,0.7428270578384399,38.34312057495117,10.459966659545898,52.17327117919922,13.099656105041504,0.4551497101783752,0.1476134061813354,26.672897338867188,8.377820014953613,tfidf
relu,5,0.3,256,decreasing,0.0001,1e-05,1.00999653339386,1.055172562599182,59.4345703125,11.750550270080566,70.68050384521484,14.190052032470703,4.523992538452149e-05,-0.0001952648162841,43.49757385253906,7.50022029876709,tfidf
relu,5,0.3,256,decreasing,0.0001,1e-06,0.7029802203178406,0.8639805316925049,48.15018081665039,11.19991970062256,59.38092803955078,13.631265640258787,0.2942107319831848,0.0770266652107238,40.81105041503906,9.95656967163086,tfidf
relu,5,0.3,256,constant,0.001,1e-05,0.6661108136177063,0.7276067137718201,39.54296875,10.900755882263184,51.46556091308594,13.01584243774414,0.4698308110237121,0.1584859490394592,30.44979858398437,10.41568374633789,tfidf
relu,5,0.3,256,constant,0.001,1e-06,0.5594652891159058,0.7287026047706604,39.00739288330078,10.686308860778809,51.76293563842773,12.999944686889648,0.4636863470077514,0.1605403423309326,27.98333740234375,9.820358276367188,tfidf
relu,5,0.3,256,constant,0.0001,1e-05,0.5297239422798157,0.6951795220375061,37.40702819824219,10.671880722045898,49.40804290771485,12.822876930236816,0.5113742351531982,0.1832526326179504,29.125900268554688,9.96869945526123,tfidf
relu,5,0.3,256,constant,0.0001,1e-06,0.5100357532501221,0.6983241438865662,38.212196350097656,10.520312309265137,51.3173713684082,12.60306167602539,0.4728795289993286,0.2110146284103393,28.015396118164062,10.249242782592772,tfidf
relu,5,0.3,512,decreasing,0.001,1e-05,0.3752530813217163,0.698727011680603,36.40177536010742,10.421831130981444,48.87507629394531,12.948037147521973,0.5218590497970581,0.1672307848930359,24.263092041015625,9.29831314086914,tfidf
relu,5,0.3,512,decreasing,0.001,1e-06,0.3182029128074646,0.689376175403595,36.4199104309082,10.27453899383545,49.20033264160156,12.813962936401367,0.5154739022254944,0.1843877434730529,22.742340087890625,8.465163230895996,tfidf
relu,5,0.3,512,decreasing,0.0001,1e-05,0.7064563035964966,0.797218382358551,38.47807312011719,12.072850227355955,50.87981033325195,14.149209976196287,0.4818302989006042,0.0055539608001708,31.042068481445312,10.65479850769043,tfidf
relu,5,0.3,512,decreasing,0.0001,1e-06,0.510019063949585,0.7057406306266785,37.45709991455078,10.855586051940918,50.3476448059082,12.896028518676758,0.4926130175590515,0.1739072799682617,27.485382080078125,11.507116317749023,tfidf
relu,5,0.3,512,constant,0.001,1e-05,0.4634951651096344,0.6799951195716858,37.547000885009766,10.29638385772705,49.85347366333008,12.598352432250977,0.5025242567062378,0.2116041779518127,25.83087158203125,10.240294456481934,tfidf
relu,5,0.3,512,constant,0.001,1e-06,0.3355115950107574,0.6771755218505859,36.73199462890625,10.06045627593994,48.67792510986328,12.64846420288086,0.5257086753845215,0.2053197026252746,25.046646118164062,8.332052230834961,tfidf
relu,5,0.3,512,constant,0.0001,1e-05,0.5391478538513184,0.7048227190971375,37.49288558959961,10.749831199645996,49.815242767333984,12.886335372924805,0.5032869577407837,0.1751487255096435,27.9111328125,10.445433616638184,tfidf
relu,5,0.3,512,constant,0.0001,1e-06,0.4935837388038635,0.6894822716712952,38.10275650024414,10.3911771774292,50.74663543701172,12.55859375,0.4845393300056457,0.2165724039077758,26.914779663085938,9.635116577148438,tfidf
relu,10,0.1,256,decreasing,0.001,1e-05,1.0004966259002686,1.07363760471344,59.48494338989258,12.29446792602539,71.15382385253906,14.369091033935549,-0.0133920907974243,-0.0255937576293945,51.784271240234375,9.014098167419434,tfidf
relu,10,0.1,256,decreasing,0.001,1e-06,0.8885541558265686,0.9434218406677246,58.98510360717773,10.542020797729492,70.15699005126953,12.703205108642578,0.014803409576416,0.1984262466430664,52.18153381347656,12.39741325378418,tfidf
relu,10,0.1,256,decreasing,0.0001,1e-05,0.8578289151191711,0.9204020500183104,48.45931243896485,12.164715766906738,60.561798095703125,14.320429801940918,0.2658604979515075,-0.018659234046936,37.60247802734375,9.08442497253418,tfidf
relu,10,0.1,256,decreasing,0.0001,1e-06,0.8428024053573608,0.9063882827758788,50.13438034057617,11.666373252868652,61.73655700683594,13.896478652954102,0.2371030449867248,0.0407620668411254,38.36653137207031,10.374557495117188,tfidf
relu,10,0.1,256,constant,0.001,1e-05,1.0151548385620115,1.0739867687225342,59.51409149169922,12.286325454711914,71.20304870605469,14.364314079284668,-0.0147948265075683,-0.0249121189117431,52.201995849609375,8.98365592956543,tfidf
relu,10,0.1,256,constant,0.001,1e-06,0.6039420366287231,0.8161680102348328,38.54087066650391,12.08670711517334,52.81639862060547,14.188448905944824,0.4416344761848449,3.069639205932617e-05,25.041534423828125,9.719125747680664,tfidf
relu,10,0.1,256,constant,0.0001,1e-05,1.0041176080703735,1.0718261003494265,59.365684509277344,12.323690414428713,70.93172454833984,14.386754035949709,-0.0070754289627075,-0.0281168222427368,49.55035400390625,9.123390197753906,tfidf
relu,10,0.1,256,constant,0.0001,1e-06,0.6904259324073792,0.8111698627471924,39.71964645385742,11.928915023803713,51.77282333374024,14.156856536865234,0.4634814858436584,0.0044789314270019,31.36705017089844,10.765016555786133,tfidf
relu,10,0.1,512,decreasing,0.001,1e-05,0.9893884658813475,1.0749194622039795,59.473724365234375,12.329615592956545,71.135498046875,14.390437126159668,-0.0128701925277709,-0.028643250465393,51.623321533203125,9.145524978637695,tfidf
relu,10,0.1,512,decreasing,0.001,1e-06,0.7153902649879456,0.8490474224090576,43.46841430664063,12.091753959655762,55.25627136230469,14.219292640686035,0.3888550996780395,-0.0043215751647949,36.676788330078125,9.176413536071776,tfidf
relu,10,0.1,512,decreasing,0.0001,1e-05,1.0172967910766602,1.0626975297927856,59.533809661865234,11.77651023864746,71.23773193359375,14.192578315734863,-0.0157835483551025,-0.0005514621734619,52.484710693359375,7.500000953674316,tfidf
relu,10,0.1,512,decreasing,0.0001,1e-06,0.8199704885482788,0.9554648399353028,44.74204635620117,13.084806442260742,58.1875228881836,15.070075988769531,0.3222948312759399,-0.1281002759933471,34.13990783691406,11.304132461547852,tfidf
relu,10,0.1,512,constant,0.001,1e-05,1.016723394393921,1.0737688541412354,59.50759506225586,12.28488063812256,71.19187927246094,14.36347198486328,-0.0144764184951782,-0.0247918367385864,52.108978271484375,8.978248596191406,tfidf
relu,10,0.1,512,constant,0.001,1e-06,0.587959349155426,0.7832408547401428,35.63315200805664,12.075845718383787,50.022308349609375,14.17721462249756,0.4991490840911865,0.0016136169433593,23.17720031738281,9.438070297241213,tfidf
relu,10,0.1,512,constant,0.0001,1e-05,0.9948203563690186,1.07286536693573,59.49147033691406,12.272290229797363,71.1646499633789,14.356223106384276,-0.0137004852294921,-0.0237578153610229,51.8780517578125,8.931197166442871,tfidf
relu,10,0.1,512,constant,0.0001,1e-06,0.9953712224960328,1.073029637336731,59.43488693237305,12.306047439575195,71.07491302490234,14.37598991394043,-0.0111457109451293,-0.0265790224075317,51.06721496582031,9.0574312210083,tfidf
relu,10,0.3,256,decreasing,0.001,1e-05,0.7902804017066956,0.8818556666374207,46.18613052368164,12.245196342468262,57.557838439941406,14.284308433532717,0.3368832468986511,-0.0135267972946167,39.95391845703125,9.874664306640623,tfidf
relu,10,0.3,256,decreasing,0.001,1e-06,0.985365390777588,1.0709774494171145,59.46318435668945,12.24100399017334,71.1186294555664,14.338868141174316,-0.0123898983001708,-0.0212841033935546,51.4722900390625,8.814189910888672,tfidf
relu,10,0.3,256,decreasing,0.0001,1e-05,1.0056850910186768,1.0849283933639526,59.74259567260742,12.379895210266112,71.67228698730469,14.423001289367676,-0.0282142162322998,-0.0333040952682495,55.47720336914063,9.33353042602539,tfidf
relu,10,0.3,256,decreasing,0.0001,1e-06,0.992838442325592,1.1024208068847656,59.74370193481445,12.467611312866213,72.82318878173828,14.441564559936523,-0.0615010261535644,-0.0359654426574707,61.31060791015625,10.550742149353027,tfidf
relu,10,0.3,256,constant,0.001,1e-05,1.0084080696105957,1.072496771812439,59.43630599975586,12.292914390563965,71.07704162597656,14.36817455291748,-0.0112062692642211,-0.0254629850387573,51.0870361328125,9.008289337158203,tfidf
relu,10,0.3,256,constant,0.001,1e-06,0.9873512983322144,1.073068141937256,59.36983489990234,12.359264373779297,70.90290832519531,14.40934944152832,-0.0062575340270996,-0.0313488245010376,49.195831298828125,9.256431579589844,tfidf
relu,10,0.3,256,constant,0.0001,1e-05,0.9950296878814696,1.0714346170425415,59.36599349975586,12.315526008605955,70.92955017089844,14.381739616394045,-0.0070139169692993,-0.027400255203247,49.52439880371094,9.092845916748049,tfidf
relu,10,0.3,256,constant,0.0001,1e-06,0.996955633163452,1.0734776258468628,59.58292770385742,12.228716850280762,71.32892608642578,14.33230972290039,-0.0183861255645751,-0.0203500986099243,53.18882751464844,8.768260955810547,tfidf
relu,10,0.3,512,decreasing,0.001,1e-05,0.8184332847595215,0.87758868932724,42.235050201416016,12.445820808410645,55.4131965637207,14.539002418518066,0.385378897190094,-0.0499920845031738,31.46542358398437,10.398672103881836,tfidf
relu,10,0.3,512,decreasing,0.001,1e-06,0.746482253074646,0.8524136543273926,41.41751480102539,12.385702133178713,53.843875885009766,14.485339164733888,0.4196985363960266,-0.0422552824020385,32.178253173828125,10.018072128295898,tfidf
relu,10,0.3,512,decreasing,0.0001,1e-05,0.9479143619537354,0.9713345766067504,53.73260498046875,12.29806900024414,64.74549102783203,14.254401206970217,0.1609262228012085,-0.0092872381210327,45.34967041015625,11.281230926513672,tfidf
relu,10,0.3,512,decreasing,0.0001,1e-06,1.0128905773162842,1.0664154291152954,59.63493728637695,11.888360023498535,71.4330825805664,14.208526611328123,-0.0213623046875,-0.0028012990951538,53.93663024902344,7.50001049041748,tfidf
relu,10,0.3,512,constant,0.001,1e-05,0.9923449754714966,1.0676875114440918,59.361419677734375,12.21069049835205,70.96347045898438,14.322945594787598,-0.0079773664474487,-0.019017219543457,49.917755126953125,8.700841903686523,tfidf
relu,10,0.3,512,constant,0.001,1e-06,0.658855140209198,0.7878509163856506,37.228782653808594,12.087645530700684,50.02299499511719,14.185912132263184,0.4991353154182434,0.0003882646560668,25.992889404296875,10.622495651245115,tfidf
relu,10,0.3,512,constant,0.0001,1e-05,1.016549825668335,1.071065902709961,59.40363311767578,12.274542808532717,71.0292739868164,14.35750961303711,-0.0098475217819213,-0.0239412784576416,50.618743896484375,8.93961238861084,tfidf
relu,10,0.3,512,constant,0.0001,1e-06,0.9973718523979188,1.069704532623291,59.362098693847656,12.26522731781006,70.9581527709961,14.35222625732422,-0.0078262090682983,-0.0231877565383911,49.85797119140625,8.904780387878418,tfidf
gelu,3,0.1,256,decreasing,0.001,1e-05,0.6146895289421082,0.7338675260543823,41.48565673828125,10.45037841796875,53.11475372314453,12.816572189331056,0.4353083372116089,0.1840556263923645,33.548065185546875,9.704582214355469,tfidf
gelu,3,0.1,256,decreasing,0.001,1e-06,0.6083331108093262,0.7344906330108643,41.01080322265625,10.435335159301758,53.30303955078125,12.745529174804688,0.4312976598739624,0.1930761337280273,31.684478759765625,10.116903305053713,tfidf
gelu,3,0.1,256,decreasing,0.0001,1e-05,0.5950134992599487,0.7078137397766113,40.09266662597656,10.43132781982422,51.507720947265625,12.70549201965332,0.4689618945121765,0.1981377601623535,30.94081115722656,9.97317123413086,tfidf
gelu,3,0.1,256,decreasing,0.0001,1e-06,0.5658337473869324,0.7150242924690247,40.76327896118164,10.35306453704834,52.391563415527344,12.663358688354492,0.4505808353424072,0.2034471035003662,31.21484375,9.949740409851074,tfidf
gelu,3,0.1,256,constant,0.001,1e-05,0.5963634252548218,0.7181258201599121,40.9324951171875,10.354615211486816,52.51171875,12.718570709228516,0.4480579495429992,0.1964860558509826,33.18475341796875,9.753116607666016,tfidf
gelu,3,0.1,256,constant,0.001,1e-06,0.6329071521759033,0.7157680988311768,40.63580322265625,10.380963325500488,52.38939666748047,12.667133331298828,0.4506263136863708,0.2029721140861511,31.068435668945312,9.907087326049805,tfidf
gelu,3,0.1,256,constant,0.0001,1e-05,0.5776565074920654,0.707180380821228,40.45489501953125,10.293527603149414,52.1889533996582,12.572312355041504,0.4548221230506897,0.2148599028587341,30.953582763671875,9.981388092041016,tfidf
gelu,3,0.1,256,constant,0.0001,1e-06,0.5876402258872986,0.7159633040428162,40.70683670043945,10.353933334350586,52.5697135925293,12.632317543029783,0.4468380212783813,0.2073473930358886,28.391281127929688,10.303739547729492,tfidf
gelu,3,0.1,512,decreasing,0.001,1e-05,0.7097769379615784,0.727998673915863,41.501914978027344,10.68062686920166,52.73125457763672,12.77422046661377,0.4434332847595215,0.1894391179084777,32.21089172363281,10.128412246704102,tfidf
gelu,3,0.1,512,decreasing,0.001,1e-06,0.5949802398681641,0.7230604290962219,41.52210998535156,10.40829849243164,52.84761428833008,12.668923377990724,0.4409742355346679,0.2027468681335449,32.56761169433594,9.999884605407717,tfidf
gelu,3,0.1,512,decreasing,0.0001,1e-05,0.5823188424110413,0.7198365330696106,40.81013870239258,10.391419410705566,52.46784591674805,12.7291898727417,0.4489797949790954,0.1951436996459961,29.70106506347656,9.980545043945312,tfidf
gelu,3,0.1,512,decreasing,0.0001,1e-06,0.5970152616500854,0.7129610776901245,40.577430725097656,10.455376625061035,51.84629440307617,12.718143463134766,0.4619576334953308,0.1965400576591491,30.16368103027344,10.247983932495115,tfidf
gelu,3,0.1,512,constant,0.001,1e-05,0.6274309754371643,0.7255139350891113,41.33147430419922,10.353082656860352,53.30126953125,12.691563606262209,0.4313355088233948,0.199894905090332,32.96685791015625,9.66494369506836,tfidf
gelu,3,0.1,512,constant,0.001,1e-06,0.6305295825004578,0.7193079590797424,40.32756805419922,10.550281524658203,52.049102783203125,12.80470848083496,0.4577400088310241,0.1855654716491699,30.78242492675781,10.217703819274902,tfidf
gelu,3,0.1,512,constant,0.0001,1e-05,0.5976894497871399,0.7191801071166992,41.39937973022461,10.416335105895996,52.86610794067383,12.656947135925291,0.4405829310417175,0.2042534947395324,33.16087341308594,9.921799659729004,tfidf
gelu,3,0.1,512,constant,0.0001,1e-06,0.5702702403068542,0.7082609534263611,40.834449768066406,10.279834747314451,52.309967041015625,12.560418128967283,0.4522909522056579,0.2163447737693786,30.785369873046875,10.336851119995115,tfidf
gelu,3,0.3,256,decreasing,0.001,1e-05,0.600426197052002,0.7192561626434326,40.913333892822266,10.37698459625244,52.355125427246094,12.747838020324709,0.4513448476791382,0.1927837133407592,29.87242126464844,9.803853034973145,tfidf
gelu,3,0.3,256,decreasing,0.001,1e-06,0.6117023229598999,0.708716630935669,40.76313781738281,10.272771835327148,52.17505645751953,12.597892761230469,0.4551123976707458,0.2116617560386657,31.7032470703125,9.359912872314451,tfidf
gelu,3,0.3,256,decreasing,0.0001,1e-05,0.5928947329521179,0.714673638343811,40.52916717529297,10.442935943603516,52.20183944702149,12.681313514709473,0.4545528888702392,0.2011866569519043,28.6685791015625,10.240047454833984,tfidf
gelu,3,0.3,256,decreasing,0.0001,1e-06,1.0167807340621948,1.057877540588379,59.39447021484375,11.970526695251465,70.72577667236328,14.227704048156738,-0.0012362003326416,-0.0055100917816162,46.3553466796875,7.80825138092041,tfidf
gelu,3,0.3,256,constant,0.001,1e-05,0.6056535840034485,0.7125367522239685,40.686561584472656,10.248834609985352,52.48314666748047,12.57396125793457,0.4486583471298218,0.2146539092063903,30.07533264160156,9.656816482543944,tfidf
gelu,3,0.3,256,constant,0.001,1e-06,0.6170838475227356,0.7142902612686157,40.856781005859375,10.352225303649902,52.281494140625,12.650404930114746,0.4528869986534118,0.2050758600234985,32.049652099609375,10.00014305114746,tfidf
gelu,3,0.3,256,constant,0.0001,1e-05,0.573618471622467,0.7188533544540405,40.899810791015625,10.442551612854004,52.25705337524414,12.729653358459473,0.4533984065055847,0.1950851082801818,30.6473388671875,10.125871658325195,tfidf
gelu,3,0.3,256,constant,0.0001,1e-06,0.5882465839385986,0.7119485139846802,40.66223907470703,10.416214942932127,52.02498626708984,12.664905548095703,0.4582424163818359,0.2032524347305297,27.66317749023437,10.152942657470703,tfidf
gelu,3,0.3,512,decreasing,0.001,1e-05,0.5974494218826294,0.7425795197486877,41.304420471191406,10.469908714294434,53.57966995239258,12.858119010925291,0.4253795146942138,0.1787569522857666,32.20654296875,9.66293239593506,tfidf
gelu,3,0.3,512,decreasing,0.001,1e-06,0.616399884223938,0.7119508981704712,40.28909683227539,10.389032363891602,52.185150146484375,12.667488098144531,0.4549015760421753,0.2029275298118591,27.89044189453125,9.643707275390623,tfidf
gelu,3,0.3,512,decreasing,0.0001,1e-05,0.5906814336776733,0.7116533517837524,41.083946228027344,10.402591705322266,52.56026840209961,12.615824699401855,0.447036862373352,0.2094159126281738,32.312225341796875,10.327512741088867,tfidf
gelu,3,0.3,512,decreasing,0.0001,1e-06,0.6079509854316711,0.7144837379455566,40.41458511352539,10.407330513000488,52.03766632080078,12.707871437072754,0.4579783082008362,0.1978374123573303,30.54896545410156,10.152315139770508,tfidf
gelu,3,0.3,512,constant,0.001,1e-05,0.6251775026321411,0.7312857508659363,40.981239318847656,10.60768985748291,52.61464309692383,12.907326698303224,0.4458921551704407,0.1724591851234436,31.8856201171875,10.013492584228516,tfidf
gelu,3,0.3,512,constant,0.001,1e-06,0.6262176632881165,0.7334380745887756,41.82573318481445,10.524571418762209,53.25168228149414,12.8543062210083,0.4323930740356445,0.1792439222335815,32.01812744140625,9.96867561340332,tfidf
gelu,3,0.3,512,constant,0.0001,1e-05,0.5966696739196777,0.7150097489356995,40.60932159423828,10.461798667907717,52.29586791992188,12.70037078857422,0.4525861144065857,0.1987839937210083,30.31182861328125,10.198256492614746,tfidf
gelu,3,0.3,512,constant,0.0001,1e-06,0.5732477903366089,0.7133492827415466,40.741981506347656,10.340380668640137,52.38614273071289,12.637624740600586,0.4506945610046386,0.2066811919212341,29.938873291015625,10.025489807128906,tfidf
gelu,5,0.1,256,decreasing,0.001,1e-05,0.5730894207954407,0.7227713465690613,40.46549606323242,10.36154079437256,52.53727340698242,12.808040618896484,0.4475206136703491,0.185141384601593,30.16943359375,9.704071044921877,tfidf
gelu,5,0.1,256,decreasing,0.001,1e-06,0.6367994546890259,0.7443867325782776,42.0882568359375,10.745622634887695,54.279083251953125,12.848652839660645,0.4102796912193298,0.1799657344818115,33.313934326171875,10.945058822631836,tfidf
gelu,5,0.1,256,decreasing,0.0001,1e-05,0.7414355278015137,0.8213616609573364,41.61875915527344,12.1856689453125,52.80958938598633,14.229362487792969,0.4417784214019775,-0.0057445764541625,33.28326416015625,10.098785400390623,tfidf
gelu,5,0.1,256,decreasing,0.0001,1e-06,1.0310405492782593,1.05571711063385,59.40980529785156,11.805519104003906,70.7131118774414,14.19544792175293,-0.0008774995803833,-0.0009560585021972,45.71519470214844,7.500005722045898,tfidf
gelu,5,0.1,256,constant,0.001,1e-05,0.545229971408844,0.7279258966445923,39.810813903808594,10.484526634216309,51.89789581298828,12.964566230773926,0.4608860611915588,0.1651031374931335,30.323074340820312,9.920291900634766,tfidf
gelu,5,0.1,256,constant,0.001,1e-06,0.6045053005218506,0.7187213897705078,40.69738006591797,10.271533012390137,52.79164123535156,12.660981178283691,0.4421577453613281,0.2037461996078491,29.13221740722656,9.407596588134766,tfidf
gelu,5,0.1,256,constant,0.0001,1e-05,0.72257399559021,0.8304138779640198,41.91491317749024,12.058916091918944,53.97536849975586,14.148486137390137,0.4168607592582702,0.0056557655334472,30.64898681640625,10.512699127197266,tfidf
gelu,5,0.1,256,constant,0.0001,1e-06,0.5869627594947815,0.7210118770599365,40.710933685302734,10.476810455322266,52.518043518066406,12.713549613952637,0.4479249119758606,0.1971203684806823,29.469070434570312,10.192479133605955,tfidf
gelu,5,0.1,512,decreasing,0.001,1e-05,0.5831796526908875,0.738629937171936,40.43910217285156,10.592445373535156,52.83990478515625,12.955484390258787,0.4411373734474182,0.1662724614143371,28.19073486328125,10.434806823730469,tfidf
gelu,5,0.1,512,decreasing,0.001,1e-06,0.6419158577919006,0.7485306262969971,42.4677734375,10.397517204284668,55.17087173461914,12.761484146118164,0.3907426595687866,0.1910547018051147,30.53794860839844,10.15876293182373,tfidf
gelu,5,0.1,512,decreasing,0.0001,1e-05,0.7034352421760559,0.8241727948188782,41.08395767211914,12.17600154876709,52.80901718139648,14.206387519836426,0.4417905211448669,-0.0024994611740112,30.911849975585938,11.77861213684082,tfidf
gelu,5,0.1,512,decreasing,0.0001,1e-06,0.6520901322364807,0.8263881802558899,46.034706115722656,11.177693367004396,58.2578010559082,13.447028160095217,0.3206568360328674,0.1018074750900268,39.706085205078125,11.03085708618164,tfidf
gelu,5,0.1,512,constant,0.001,1e-05,0.5817264914512634,0.7472128868103027,41.48241424560547,10.529607772827148,54.27344131469727,12.832242012023926,0.4104022979736328,0.182059109210968,32.40826416015625,10.111087799072266,tfidf
gelu,5,0.1,512,constant,0.001,1e-06,0.5709189772605896,0.7259026169776917,40.21682357788086,10.50806713104248,51.99636459350586,12.935797691345217,0.458838403224945,0.1688044667243957,33.95426940917969,9.788923263549805,tfidf
gelu,5,0.1,512,constant,0.0001,1e-05,0.5953541398048401,0.7114176154136658,41.07550811767578,10.282601356506348,52.7952995300293,12.528950691223145,0.4420804381370544,0.220266580581665,29.45263671875,10.427759170532228,tfidf
gelu,5,0.1,512,constant,0.0001,1e-06,0.6127176880836487,0.7206361293792725,40.97813415527344,10.487436294555664,52.75383758544922,12.69662094116211,0.4429563879966736,0.1992570161819458,30.977020263671875,9.95122528076172,tfidf
gelu,5,0.3,256,decreasing,0.001,1e-05,0.7831839323043823,0.8609997630119324,50.81906509399414,10.95568561553955,62.36323165893555,13.16296100616455,0.2215363979339599,0.1393551230430603,40.17124938964844,10.803030014038086,tfidf
gelu,5,0.3,256,decreasing,0.001,1e-06,0.6416037678718567,0.7863290905952454,43.65847396850586,10.685101509094238,56.825286865234375,12.987249374389648,0.3536551594734192,0.1621791124343872,34.41070556640625,9.91464900970459,tfidf
gelu,5,0.3,256,decreasing,0.0001,1e-05,0.7541828751564026,0.8225531578063965,41.18054962158203,12.18198013305664,52.72854232788086,14.233576774597168,0.4434904456138611,-0.0063403844833374,32.13917541503906,10.025056838989258,tfidf
gelu,5,0.3,256,decreasing,0.0001,1e-06,0.7443887591362,0.8407318592071533,41.28342819213867,12.180614471435549,52.65910720825195,14.474430084228516,0.4449551701545715,-0.0406861305236816,33.807098388671875,10.84707260131836,tfidf
gelu,5,0.3,256,constant,0.001,1e-05,0.6074405908584595,0.7251744866371155,41.08333206176758,10.47322940826416,52.67552947998047,12.817365646362305,0.4446089267730713,0.1839545369148254,29.77088928222656,9.423498153686523,tfidf
gelu,5,0.3,256,constant,0.001,1e-06,0.6007480621337891,0.7245199680328369,40.503944396972656,10.64211368560791,51.73828887939453,12.92259120941162,0.464197039604187,0.1705006957054138,30.079376220703125,10.288408279418944,tfidf
gelu,5,0.3,256,constant,0.0001,1e-05,0.9978878498077391,1.0719443559646606,59.49508285522461,12.24710750579834,71.17121887207031,14.342086791992188,-0.0138877630233764,-0.0217425823211669,51.94062805175781,8.838054656982422,tfidf
gelu,5,0.3,256,constant,0.0001,1e-06,0.9943577647209167,1.073428988456726,59.38068771362305,12.386529922485352,70.83229064941406,14.427433967590332,-0.0042542219161987,-0.0339391231536865,48.22450256347656,9.358798027038574,tfidf
gelu,5,0.3,512,decreasing,0.001,1e-05,0.6501262784004211,0.7422700524330139,41.27776336669922,10.460509300231934,53.83349990844727,12.838573455810549,0.4199221730232239,0.1812517642974853,32.01536560058594,9.81760025024414,tfidf
gelu,5,0.3,512,decreasing,0.001,1e-06,0.6008129119873047,0.775326132774353,40.77496337890625,10.722025871276855,55.27120590209961,12.985734939575195,0.3885247111320495,0.1623744964599609,27.327850341796875,9.485047340393066,tfidf
gelu,5,0.3,512,decreasing,0.0001,1e-05,1.0012385845184326,1.0641671419143677,59.41536712646485,12.209147453308104,70.69898223876953,14.322057723999023,-0.0004775524139404,-0.0188908576965332,45.19476318359375,8.696016311645508,tfidf
gelu,5,0.3,512,decreasing,0.0001,1e-06,0.7906143069267273,0.830473780632019,41.56929397583008,12.176807403564451,53.40080642700195,14.22799301147461,0.4292096495628357,-0.0055510997772216,33.64756774902344,10.87822151184082,tfidf
gelu,5,0.3,512,constant,0.001,1e-05,0.6706986427307129,0.7160578966140747,41.20805740356445,10.444069862365724,52.4800910949707,12.71388339996338,0.4487226009368896,0.1970782279968261,31.4237060546875,9.74604034423828,tfidf
gelu,5,0.3,512,constant,0.001,1e-06,0.6211226582527161,0.7515049576759338,42.583126068115234,10.469334602355955,55.027565002441406,12.804859161376951,0.3939036726951599,0.1855462789535522,34.187255859375,9.333147048950195,tfidf
gelu,5,0.3,512,constant,0.0001,1e-05,0.5969738960266113,0.7107627987861633,40.68022537231445,10.352602005004885,52.49024200439453,12.5801362991333,0.4485092759132385,0.2138823866844177,30.677154541015625,10.120635986328123,tfidf
gelu,5,0.3,512,constant,0.0001,1e-06,0.5906463861465454,0.7103099822998047,40.82088470458984,10.3485689163208,52.36885833740234,12.610886573791504,0.4510570168495178,0.2100345492362976,28.83467102050781,10.054025650024414,tfidf
gelu,10,0.1,256,decreasing,0.001,1e-05,0.7449662685394287,0.863950788974762,42.79294204711914,12.225499153137209,55.38562774658203,14.280112266540527,0.3859903216361999,-0.0129314661026,34.50140380859375,9.624725341796877,tfidf
gelu,10,0.1,256,decreasing,0.001,1e-06,0.7512518763542175,0.8447242975234985,41.93416595458984,12.251638412475586,53.8731575012207,14.35646915435791,0.4190672636032104,-0.0237927436828613,33.84745788574219,9.166507720947266,tfidf
gelu,10,0.1,256,decreasing,0.0001,1e-05,1.018343448638916,1.0622694492340088,59.51288986206055,11.641197204589844,71.20096588134766,14.189719200134276,-0.0147353410720825,-0.0001482963562011,52.1846923828125,7.5,tfidf
gelu,10,0.1,256,decreasing,0.0001,1e-06,0.9939324259757996,1.0776065587997437,59.54411697387695,12.351091384887695,71.25629425048828,14.404052734375,-0.0163131952285766,-0.0305907726287841,52.63238525390625,9.225818634033203,tfidf
gelu,10,0.1,256,constant,0.001,1e-05,1.0124238729476929,1.0724486112594604,59.45127487182617,12.284165382385254,71.09994506835938,14.363055229187012,-0.0118581056594848,-0.0247323513031005,51.30157470703125,8.975568771362305,tfidf
gelu,10,0.1,256,constant,0.001,1e-06,1.0041499137878418,1.0737799406051636,59.49534606933594,12.292097091674805,71.17109680175781,14.367693901062012,-0.0138841867446899,-0.025394320487976,51.9332275390625,9.005236625671387,tfidf
gelu,10,0.1,256,constant,0.0001,1e-05,0.9927757382392884,1.0724289417266846,59.40437698364258,12.306495666503906,71.03031921386719,14.376264572143556,-0.0098772048950195,-0.0266181230545043,50.62933349609375,9.05907154083252,tfidf
gelu,10,0.1,256,constant,0.0001,1e-06,1.0098490715026855,1.073445200920105,59.44841384887695,12.308979988098145,71.09552764892578,14.377761840820312,-0.0117323398590087,-0.0268319845199584,51.2606201171875,9.068365097045898,tfidf
gelu,10,0.1,512,decreasing,0.001,1e-05,0.9991174340248108,1.0750056505203247,59.65560150146485,12.213239669799805,71.47632598876953,14.324251174926758,-0.0225992202758789,-0.0192029476165771,54.230316162109375,8.71037483215332,tfidf
gelu,10,0.1,512,decreasing,0.001,1e-06,0.9894220232963562,1.0743168592453003,59.43133544921875,12.336657524108888,71.06957244873047,14.394853591918944,-0.0109937191009521,-0.0292747020721435,51.01577758789063,9.171846389770508,tfidf
gelu,10,0.1,512,decreasing,0.0001,1e-05,1.0137499570846558,1.059861660003662,59.36500549316406,11.918953895568848,70.93669891357422,14.215059280395508,-0.0072169303894042,-0.0037236213684082,49.609283447265625,7.610002517700195,tfidf
gelu,10,0.1,512,decreasing,0.0001,1e-06,0.7980177998542786,0.9167513251304626,44.6618766784668,12.687701225280762,56.54167938232422,14.92318630218506,0.3600906729698181,-0.1062159538269043,36.15211486816406,11.176076889038086,tfidf
gelu,10,0.1,512,constant,0.001,1e-05,1.0058927536010742,1.0697417259216309,59.36066818237305,12.26236057281494,70.96923065185547,14.350616455078123,-0.0081409215927124,-0.0229582786560058,49.98211669921875,8.894044876098633,tfidf
gelu,10,0.1,512,constant,0.001,1e-06,0.7587605118751526,0.8339487314224243,41.098182678222656,12.250604629516602,52.85564804077149,14.297680854797363,0.4408042430877685,-0.0154253244400024,32.61109924316406,9.868053436279297,tfidf
gelu,10,0.1,512,constant,0.0001,1e-05,1.013811469078064,1.0733340978622437,59.42228317260742,12.318946838378906,71.05616760253906,14.383833885192873,-0.0106124877929687,-0.0276994705200195,50.8861083984375,9.105629920959473,tfidf
gelu,10,0.1,512,constant,0.0001,1e-06,0.990219235420227,1.0718960762023926,59.39889144897461,12.29659938812256,71.02259063720703,14.370352745056152,-0.0096575021743774,-0.0257740020751953,50.55078125,9.022072792053224,tfidf
gelu,10,0.3,256,decreasing,0.001,1e-05,0.8485304713249207,0.8985204100608826,46.60466766357422,12.28660011291504,58.79096221923828,14.301815032958984,0.3081655502319336,-0.0160126686096191,40.96073913574219,10.823274612426758,tfidf
gelu,10,0.3,256,decreasing,0.001,1e-06,0.8499107360839844,0.9297195076942444,53.39006423950195,11.341734886169434,64.95907592773438,13.646933555603027,0.1553812026977539,0.0749037265777587,46.50750732421875,10.092809677124023,tfidf
gelu,10,0.3,256,decreasing,0.0001,1e-05,1.0266456604003906,1.055422067642212,59.44142150878906,11.77963924407959,70.68437957763672,14.192859649658203,-6.42538070678711e-05,-0.0005910396575927,43.03765869140625,7.5,tfidf
gelu,10,0.3,256,decreasing,0.0001,1e-06,0.9674113392829896,1.0254260301589966,56.02583312988281,12.310494422912598,67.93488311767578,14.371499061584473,0.0762238502502441,-0.0259375572204589,50.84355163574219,9.18388557434082,tfidf
gelu,10,0.3,256,constant,0.001,1e-05,0.9950984120368958,1.0715672969818115,59.43535232543945,12.271037101745604,71.07560729980469,14.355511665344238,-0.0111654996871948,-0.0236562490463256,51.07339477539063,8.92648696899414,tfidf
gelu,10,0.3,256,constant,0.001,1e-06,1.0030794143676758,1.0724999904632568,59.507083892822266,12.253973007202148,71.19097900390625,14.345951080322266,-0.0144507884979248,-0.022293210029602,52.101470947265625,8.862680435180664,tfidf
gelu,10,0.3,256,constant,0.0001,1e-05,1.022079586982727,1.067954421043396,59.46995544433594,12.150898933410645,71.12944030761719,14.294119834899902,-0.0126975774765014,-0.014919638633728,51.569366455078125,8.477270126342773,tfidf
gelu,10,0.3,256,constant,0.0001,1e-06,1.0053677558898926,1.0735646486282349,59.45490646362305,12.308485984802246,71.10560607910156,14.377464294433594,-0.0120191574096679,-0.0267895460128784,51.35366821289063,9.06651210784912,tfidf
gelu,10,0.3,512,decreasing,0.001,1e-05,0.9978771805763244,1.0751187801361084,59.53982162475586,12.297906875610352,71.24851989746094,14.37112808227539,-0.0160912275314331,-0.0258846282958984,52.57077026367188,9.02695655822754,tfidf
gelu,10,0.3,512,decreasing,0.001,1e-06,0.8298768997192383,0.9260677099227904,50.46777725219727,11.304336547851562,63.55549240112305,13.781432151794434,0.1914865970611572,0.056579053401947,44.04216003417969,11.769222259521484,tfidf
gelu,10,0.3,512,decreasing,0.0001,1e-05,1.0133271217346191,1.076834797859192,59.38754653930664,12.46041488647461,70.7989730834961,14.48008155822754,-0.0033094882965087,-0.0414988994598388,47.6708984375,9.63459587097168,tfidf
gelu,10,0.3,512,decreasing,0.0001,1e-06,0.9987171292304992,1.0558233261108398,59.79377365112305,11.86417293548584,71.87921142578125,13.985068321228027,-0.0341598987579345,0.0284929275512695,56.796295166015625,8.888503074645996,tfidf
gelu,10,0.3,512,constant,0.001,1e-05,1.0012086629867554,1.0683457851409912,59.44466018676758,12.179611206054688,71.0897445678711,14.307533264160156,-0.0115678310394287,-0.0168253183364868,51.206787109375,8.584632873535156,tfidf
gelu,10,0.3,512,constant,0.001,1e-06,0.7248874306678772,0.8484533429145813,41.35954666137695,12.332587242126465,53.72515869140625,14.410974502563477,0.4222546219825744,-0.0315814018249511,33.018157958984375,10.231024742126465,tfidf
gelu,10,0.3,512,constant,0.0001,1e-05,1.0130102634429932,1.0724952220916748,59.45012664794922,12.285868644714355,71.09818267822266,14.36404514312744,-0.0118077993392944,-0.0248737335205078,51.28521728515625,8.981941223144531,tfidf
gelu,10,0.3,512,constant,0.0001,1e-06,1.00042462348938,1.0726672410964966,59.39642333984375,12.315496444702148,71.0191421508789,14.381720542907717,-0.0095592737197875,-0.0273975133895874,50.515380859375,9.092724800109863,tfidf
relu,3,0.1,256,decreasing,0.001,1e-05,0.64786696434021,0.8453596830368042,46.93661880493164,11.315601348876953,59.35249710083008,13.638802528381348,0.2948865294456482,0.07600575685501099,40.540313720703125,10.80270004272461,bert
relu,3,0.1,256,decreasing,0.001,1e-06,0.7381536364555359,0.8677153587341309,50.82143783569336,11.048140525817871,62.45596694946289,13.33535385131836,0.21921956539154053,0.1166641116142273,44.21136474609375,10.4090576171875,bert
relu,3,0.1,256,decreasing,0.0001,1e-05,0.6479321122169495,0.8327476978302002,46.32951736450195,11.139049530029297,58.783443450927734,13.553561210632324,0.30834245681762695,0.08751940727233887,38.5926513671875,9.809659957885742,bert
relu,3,0.1,256,decreasing,0.0001,1e-06,0.5674430131912231,0.8113070726394653,44.958255767822266,10.942137718200684,57.42229080200195,13.48163890838623,0.3400028347969055,0.09717786312103271,36.821441650390625,9.875476837158203,bert
relu,3,0.1,256,constant,0.001,1e-05,0.5983914732933044,0.851157546043396,45.25285720825195,11.383524894714355,59.084571838378906,13.784205436706543,0.3012380003929138,0.05619931221008301,35.87028503417969,10.89742660522461,bert
relu,3,0.1,256,constant,0.001,1e-06,0.7220560312271118,0.8506001830101013,48.6953239440918,11.205318450927734,60.38055419921875,13.527915954589844,0.27024805545806885,0.09096914529800415,42.16905212402344,11.052980422973633,bert
relu,3,0.1,256,constant,0.0001,1e-05,0.7055478692054749,0.8536426424980164,48.59393310546875,10.90898323059082,61.37168884277344,13.391715049743652,0.24609404802322388,0.1091814637184143,42.445953369140625,9.867055892944336,bert
relu,3,0.1,256,constant,0.0001,1e-06,0.7471928000450134,0.8491159081459045,48.605628967285156,10.995389938354492,60.97406768798828,13.360676765441895,0.2558313012123108,0.11330610513687134,44.13386535644531,9.878284454345703,bert
relu,3,0.1,512,decreasing,0.001,1e-05,0.593635618686676,0.8424121141433716,45.660438537597656,11.179201126098633,58.88275909423828,13.649890899658203,0.3060033321380615,0.07450264692306519,37.980316162109375,9.747928619384766,bert
relu,3,0.1,512,decreasing,0.001,1e-06,0.5992876291275024,0.8021287322044373,44.36359786987305,10.983781814575195,57.260658264160156,13.37802791595459,0.34371310472488403,0.11100155115127563,37.48811340332031,10.369487762451172,bert
relu,3,0.1,512,decreasing,0.0001,1e-05,0.740383505821228,0.8373630046844482,48.70985794067383,10.835060119628906,60.48595428466797,13.301668167114258,0.26769810914993286,0.12112104892730713,42.14056396484375,10.00802993774414,bert
relu,3,0.1,512,decreasing,0.0001,1e-06,0.6000030040740967,0.8201899528503418,44.881710052490234,11.2078857421875,57.40468978881836,13.595887184143066,0.3404073715209961,0.08181130886077881,37.90675354003906,10.02139949798584,bert
relu,3,0.1,512,constant,0.001,1e-05,0.6275227069854736,0.8188314437866211,45.32039260864258,11.15426254272461,58.0870246887207,13.534913063049316,0.3246338367462158,0.09002864360809326,38.0299072265625,10.999933242797852,bert
relu,3,0.1,512,constant,0.001,1e-06,0.6098598837852478,0.8517941236495972,45.37460708618164,11.386425018310547,59.03009033203125,13.804902076721191,0.3025261163711548,0.05336296558380127,37.24888610839844,11.337896347045898,bert
relu,3,0.1,512,constant,0.0001,1e-05,0.612664520740509,0.8130385875701904,44.82611846923828,11.013291358947754,57.580421447753906,13.451305389404297,0.3363627791404724,0.10123598575592041,38.90446472167969,10.112464904785156,bert
relu,3,0.1,512,constant,0.0001,1e-06,0.6230218410491943,0.8238341808319092,45.276851654052734,11.09531021118164,58.243900299072266,13.4852294921875,0.3209810256958008,0.09669697284698486,38.03172302246094,9.757152557373047,bert
relu,3,0.3,256,decreasing,0.001,1e-05,0.648603618144989,0.8101301193237305,46.487586975097656,11.099981307983398,58.03717803955078,13.362570762634277,0.32579243183135986,0.11305469274520874,38.7579345703125,10.646820068359375,bert
relu,3,0.3,256,decreasing,0.001,1e-06,0.6513359546661377,0.8395165801048279,45.71625900268555,11.367761611938477,58.481529235839844,13.727516174316406,0.3154289722442627,0.06394636631011963,35.52745056152344,10.737604141235352,bert
relu,3,0.3,256,decreasing,0.0001,1e-05,0.7171701788902283,0.8565714359283447,48.908668518066406,11.102628707885742,61.214725494384766,13.439815521240234,0.24994540214538574,0.10277080535888672,43.668365478515625,10.480490684509277,bert
relu,3,0.3,256,decreasing,0.0001,1e-06,1.0075945854187012,1.0598676204681396,59.35271072387695,12.051740646362305,70.77360534667969,14.250686645507812,-0.002590656280517578,-0.008761286735534668,48.22673034667969,8.159249305725098,bert
relu,3,0.3,256,constant,0.001,1e-05,0.6851396560668945,0.839581310749054,47.02363967895508,11.18252944946289,59.337158203125,13.544227600097656,0.29525089263916016,0.08877569437026978,41.43400573730469,10.385360717773438,bert
relu,3,0.3,256,constant,0.001,1e-06,0.6368408799171448,0.7904880046844482,45.112518310546875,11.032638549804688,56.794273376464844,13.297857284545898,0.3543604612350464,0.1216246485710144,37.84368896484375,10.739376068115234,bert
relu,3,0.3,256,constant,0.0001,1e-05,0.6095619201660156,0.8170138001441956,44.36050033569336,11.157176971435547,57.13857650756836,13.607536315917969,0.34650856256484985,0.08023715019226074,38.33782958984375,10.317784309387207,bert
relu,3,0.3,256,constant,0.0001,1e-06,0.6758801937103271,0.8359160423278809,46.94414138793945,10.955565452575684,60.02090835571289,13.396931648254395,0.2789154648780823,0.10848730802536011,38.20552062988281,9.944860458374023,bert
relu,3,0.3,512,decreasing,0.001,1e-05,0.7757946252822876,0.8489232063293457,49.47809600830078,11.14791488647461,60.86858367919922,13.390721321105957,0.25840383768081665,0.10931378602981567,46.28297424316406,11.375822067260742,bert
relu,3,0.3,512,decreasing,0.001,1e-06,0.7532693147659302,0.8502031564712524,47.322715759277344,11.191285133361816,60.4024658203125,13.565736770629883,0.26971834897994995,0.08587920665740967,39.28263854980469,10.7883882522583,bert
relu,3,0.3,512,decreasing,0.0001,1e-05,0.7358283996582031,0.8760514259338379,49.82522201538086,11.041644096374512,62.6066780090332,13.506596565246582,0.21544688940048218,0.09383213520050049,43.727874755859375,10.203716278076172,bert
relu,3,0.3,512,decreasing,0.0001,1e-06,0.6270408630371094,0.8352585434913635,46.11590576171875,11.194979667663574,58.80803680419922,13.535752296447754,0.30776363611221313,0.0899156928062439,38.72502136230469,9.986907958984375,bert
relu,3,0.3,512,constant,0.001,1e-05,0.6498948931694031,0.8441777229309082,47.74111557006836,11.093127250671387,59.65225601196289,13.608686447143555,0.2877461314201355,0.08008170127868652,40.62254333496094,10.242238998413086,bert
relu,3,0.3,512,constant,0.001,1e-06,0.5940953493118286,0.8265997171401978,45.70637130737305,11.128378868103027,58.921756744384766,13.483221054077148,0.30508387088775635,0.09696590900421143,38.70588684082031,10.328102111816406,bert
relu,3,0.3,512,constant,0.0001,1e-05,0.6715839505195618,0.8842846155166626,48.48186492919922,11.233834266662598,61.68303298950195,13.802534103393555,0.2384253740310669,0.05368775129318237,40.394744873046875,10.27560806274414,bert
relu,3,0.3,512,constant,0.0001,1e-06,0.6087493300437927,0.8425599336624146,45.94427490234375,11.278596878051758,57.732147216796875,13.826775550842285,0.33286070823669434,0.05036073923110962,39.274505615234375,10.068391799926758,bert
relu,5,0.1,256,decreasing,0.001,1e-05,0.6850816011428833,0.8607064485549927,47.27250671386719,11.482601165771484,59.61082458496094,13.766349792480469,0.2887352705001831,0.05864286422729492,38.85783386230469,11.683320999145508,bert
relu,5,0.1,256,decreasing,0.001,1e-06,0.6435330510139465,0.8970043063163757,48.16889953613281,11.68312931060791,61.87968826293945,14.02873706817627,0.23356151580810547,0.022416293621063232,37.529815673828125,11.951309204101562,bert
relu,5,0.1,256,decreasing,0.0001,1e-05,0.7087662816047668,0.8555471301078796,47.601985931396484,11.33597183227539,60.12813186645508,13.66823959350586,0.27633678913116455,0.07201272249221802,41.78187561035156,11.73226547241211,bert
relu,5,0.1,256,decreasing,0.0001,1e-06,0.9087343215942383,0.971185028553009,57.59815979003906,10.949782371520996,69.3345947265625,13.416268348693848,0.03776538372039795,0.1059119701385498,49.41007995605469,10.574715614318848,bert
relu,5,0.1,256,constant,0.001,1e-05,0.6433178186416626,0.8467061519622803,46.13188552856445,11.314311027526855,59.5765495300293,13.680980682373047,0.2895529270172119,0.07028186321258545,35.737091064453125,10.826620101928711,bert
relu,5,0.1,256,constant,0.001,1e-06,0.6821579337120056,0.8481367230415344,47.29937744140625,11.317641258239746,59.75767517089844,13.605628967285156,0.2852265238761902,0.08049505949020386,41.283935546875,11.22616195678711,bert
relu,5,0.1,256,constant,0.0001,1e-05,0.6983925700187683,0.8527704477310181,49.31165313720703,10.91384220123291,62.32162094116211,13.196244239807129,0.2225748896598816,0.13499712944030762,42.03315734863281,10.226306915283203,bert
relu,5,0.1,256,constant,0.0001,1e-06,0.7108198404312134,0.856563925743103,48.15061950683594,11.237278938293457,60.27243423461914,13.618377685546875,0.27285921573638916,0.07877111434936523,44.672119140625,10.615452766418457,bert
relu,5,0.1,512,decreasing,0.001,1e-05,0.6634135842323303,0.8736940622329712,46.83287811279297,11.411516189575195,60.04951477050781,13.877580642700195,0.27822792530059814,0.04336923360824585,37.9013671875,10.250471115112305,bert
relu,5,0.1,512,decreasing,0.001,1e-06,0.8781738877296448,0.9468027949333191,56.61687088012695,10.895613670349121,68.10993194580078,13.291099548339844,0.0714571475982666,0.12251704931259155,47.29777526855469,11.467426300048828,bert
relu,5,0.1,512,decreasing,0.0001,1e-05,0.6454802751541138,0.8284184336662292,45.9837532043457,11.151785850524902,58.836097717285156,13.420177459716797,0.30710285902023315,0.10539090633392334,37.21992492675781,10.125245094299316,bert
relu,5,0.1,512,decreasing,0.0001,1e-06,0.6722651124000549,0.8404591083526611,47.83000946044922,11.14119815826416,60.5211181640625,13.41021728515625,0.2668464183807373,0.10671824216842651,38.686248779296875,10.668251037597656,bert
relu,5,0.1,512,constant,0.001,1e-05,0.7506765127182007,0.8811468482017517,49.665855407714844,11.194283485412598,62.073760986328125,13.629888534545898,0.2287464737892151,0.07721304893493652,40.867828369140625,10.116790771484375,bert
relu,5,0.1,512,constant,0.001,1e-06,0.6259437203407288,0.8588418960571289,45.52082824707031,11.391039848327637,59.915443420410156,13.820169448852539,0.28144729137420654,0.05126798152923584,35.24900817871094,10.550525665283203,bert
relu,5,0.1,512,constant,0.0001,1e-05,0.6637517213821411,0.8389965891838074,46.649070739746094,11.278197288513184,59.269142150878906,13.531758308410645,0.2968655824661255,0.09045267105102539,39.00981140136719,10.624279975891113,bert
relu,5,0.1,512,constant,0.0001,1e-06,0.7159935235977173,0.8425907492637634,48.621883392333984,10.870476722717285,61.11241149902344,13.25417709350586,0.2524506449699402,0.127385675907135,43.66424560546875,10.402423858642578,bert
relu,5,0.3,256,decreasing,0.001,1e-05,0.7969976663589478,0.9248104691505432,47.80303955078125,12.267568588256836,60.612388610839844,14.42009449005127,0.26463353633880615,-0.03288757801055908,41.62416076660156,10.900911331176758,bert
relu,5,0.3,256,decreasing,0.001,1e-06,0.8396738171577454,0.9162927269935608,52.65971755981445,11.398350715637207,63.980838775634766,13.730978965759277,0.18062835931777954,0.06347393989562988,47.73771667480469,10.661510467529297,bert
relu,5,0.3,256,decreasing,0.0001,1e-05,0.9186983108520508,0.9727783203125,56.31486892700195,11.264161109924316,68.13990783691406,13.637298583984375,0.07063961029052734,0.07620948553085327,47.42265319824219,10.387950897216797,bert
relu,5,0.3,256,decreasing,0.0001,1e-06,0.8383431434631348,0.9181749224662781,51.36516189575195,11.732704162597656,62.7506217956543,14.015151023864746,0.2118350863456726,0.02430880069732666,45.33489990234375,12.155353546142578,bert
relu,5,0.3,256,constant,0.001,1e-05,0.7695754170417786,0.8979194760322571,48.341224670410156,11.861197471618652,61.102386474609375,14.069012641906738,0.2526959180831909,0.016795098781585693,44.89990234375,10.674571990966797,bert
relu,5,0.3,256,constant,0.001,1e-06,0.7972069978713989,0.9070835709571838,51.386173248291016,11.269412994384766,64.1839828491211,13.584442138671875,0.1754170060157776,0.08335661888122559,45.63482666015625,12.092470169067383,bert
relu,5,0.3,256,constant,0.0001,1e-05,0.6225781440734863,0.8397361040115356,43.95771789550781,11.418543815612793,57.77436447143555,13.89547061920166,0.3318847417831421,0.040901243686676025,33.92713928222656,10.53895378112793,bert
relu,5,0.3,256,constant,0.0001,1e-06,0.6936874389648438,0.8714229464530945,48.45442581176758,11.452786445617676,61.10104751586914,13.72028923034668,0.2527286410331726,0.06493169069290161,41.75526428222656,10.9015531539917,bert
relu,5,0.3,512,decreasing,0.001,1e-05,0.7863240838050842,0.9002823829650879,49.84315490722656,11.610197067260742,61.94578170776367,13.930570602416992,0.23192346096038818,0.036049723625183105,41.84074401855469,10.385787963867188,bert
relu,5,0.3,512,decreasing,0.001,1e-06,0.776464581489563,0.898658275604248,45.84988784790039,12.395005226135254,58.559722900390625,14.460418701171875,0.3135971426963806,-0.03867232799530029,39.086761474609375,10.675597190856934,bert
relu,5,0.3,512,decreasing,0.0001,1e-05,0.6968542337417603,0.8240064382553101,46.98834228515625,10.70932388305664,59.395755767822266,13.29954719543457,0.29385828971862793,0.12140136957168579,38.49482727050781,9.935371398925781,bert
relu,5,0.3,512,decreasing,0.0001,1e-06,1.0190726518630981,1.0618993043899536,59.47465515136719,11.865407943725586,71.1391372680664,14.203070640563965,-0.012973904609680176,-0.0020312070846557617,51.635894775390625,7.504734992980957,bert
relu,5,0.3,512,constant,0.001,1e-05,0.8415942192077637,0.8986243009567261,52.59835433959961,10.915681838989258,64.39997863769531,13.372825622558594,0.16985774040222168,0.11169284582138062,43.7900390625,9.974800109863281,bert
relu,5,0.3,512,constant,0.001,1e-06,0.781696617603302,0.8758346438407898,49.980018615722656,11.080575942993164,62.67718505859375,13.451597213745117,0.213678777217865,0.1011970043182373,43.05078125,11.42059326171875,bert
relu,5,0.3,512,constant,0.0001,1e-05,0.6539035439491272,0.8253608345985413,45.764732360839844,11.246689796447754,57.62056350708008,13.689346313476562,0.33543717861175537,0.06914466619491577,39.21891784667969,10.400064468383789,bert
relu,5,0.3,512,constant,0.0001,1e-06,0.6815348267555237,0.8339180946350098,47.44803237915039,11.170791625976562,59.48137664794922,13.476518630981445,0.2918209433555603,0.09786355495452881,40.59281921386719,10.75590705871582,bert
relu,10,0.1,256,decreasing,0.001,1e-05,1.0110214948654175,1.0703049898147583,59.55695724487305,12.158058166503906,71.27983856201172,14.297390937805176,-0.01698482036590576,-0.015384197235107422,52.816375732421875,8.504039764404297,bert
relu,10,0.1,256,decreasing,0.001,1e-06,1.037583351135254,1.0554860830307007,59.421875,11.635820388793945,70.69721984863281,14.189274787902832,-0.0004278421401977539,-8.571147918701172e-05,44.94801330566406,7.500459671020508,bert
relu,10,0.1,256,decreasing,0.0001,1e-05,1.0157099962234497,1.0567179918289185,59.37779235839844,11.630391120910645,70.7979507446289,14.189558982849121,-0.0032807588577270508,-0.00012576580047607422,47.851959228515625,7.503418922424316,bert
relu,10,0.1,256,decreasing,0.0001,1e-06,0.8949964642524719,0.9804977178573608,52.426143646240234,12.44509220123291,64.26429748535156,14.48768424987793,0.17335212230682373,-0.04259288311004639,44.870849609375,10.848074913024902,bert
relu,10,0.1,256,constant,0.001,1e-05,0.7246096730232239,0.8628949522972107,45.952754974365234,11.942652702331543,58.06153869628906,14.148859024047852,0.3252263069152832,0.005603373050689697,40.83711242675781,10.985343933105469,bert
relu,10,0.1,256,constant,0.001,1e-06,1.004830241203308,1.072782039642334,59.36782455444336,12.330086708068848,70.98041534423828,14.390729904174805,-0.008458733558654785,-0.02868521213531494,50.10566711425781,9.147339820861816,bert
relu,10,0.1,256,constant,0.0001,1e-05,0.9920411705970764,1.0715364217758179,59.36066436767578,12.305434226989746,70.96914672851562,14.375617980957031,-0.008138656616210938,-0.02652573585510254,49.9818115234375,9.055261611938477,bert
relu,10,0.1,256,constant,0.0001,1e-06,0.9920399188995361,1.0718752145767212,59.518306732177734,12.230820655822754,71.21025848388672,14.333404541015625,-0.015000343322753906,-0.020505905151367188,52.26116943359375,8.776371002197266,bert
relu,10,0.1,512,decreasing,0.001,1e-05,1.0230001211166382,1.0716383457183838,59.3960075378418,12.291895866394043,71.01863098144531,14.36754322052002,-0.009544730186462402,-0.025372982025146484,50.512908935546875,9.005075454711914,bert
relu,10,0.1,512,decreasing,0.001,1e-06,1.011415958404541,1.0576549768447876,59.439090728759766,11.973780632019043,70.68318939208984,14.229018211364746,-3.0517578125e-05,-0.005695939064025879,43.253204345703125,7.815082550048828,bert
relu,10,0.1,512,decreasing,0.0001,1e-05,1.0020984411239624,1.0680354833602905,59.435096740722656,12.308320999145508,70.68174743652344,14.377366065979004,1.0013580322265625e-05,-0.026775360107421875,43.55915832519531,9.066021919250488,bert
relu,10,0.1,512,decreasing,0.0001,1e-06,1.0188426971435547,1.0561116933822632,59.45634841918945,11.818915367126465,70.70643615722656,14.197171211242676,-0.0006884336471557617,-0.0011991262435913086,41.74688720703125,7.500127792358398,bert
relu,10,0.1,512,constant,0.001,1e-05,1.0037204027175903,1.0679773092269897,59.48490905761719,12.140801429748535,71.15375518798828,14.289591789245605,-0.013390183448791504,-0.014276862144470215,51.783660888671875,8.439521789550781,bert
relu,10,0.1,512,constant,0.001,1e-06,1.0010899305343628,1.0710957050323486,59.39546203613281,12.279143333435059,71.01780700683594,14.36014175415039,-0.00952160358428955,-0.02431666851043701,50.50175476074219,8.956945419311523,bert
relu,10,0.1,512,constant,0.0001,1e-05,0.9982402324676514,1.0725349187850952,59.44894790649414,12.287446022033691,71.09638214111328,14.364954948425293,-0.011756539344787598,-0.025003433227539062,51.26954650878906,8.987987518310547,bert
relu,10,0.1,512,constant,0.0001,1e-06,0.9968222379684448,1.0700006484985352,59.405479431152344,12.247013092041016,71.03193664550781,14.342123031616211,-0.009923219680786133,-0.021747827529907227,50.64610290527344,8.836846351623535,bert
relu,10,0.3,256,decreasing,0.001,1e-05,0.9556747078895569,1.0358073711395264,57.876243591308594,12.048279762268066,69.76113891601562,14.17458438873291,0.025889694690704346,0.0019840002059936523,52.988067626953125,9.491567611694336,bert
relu,10,0.3,256,decreasing,0.001,1e-06,1.000954031944275,1.0739690065383911,59.368492126464844,12.389638900756836,70.88182830810547,14.426733016967773,-0.005659222602844238,-0.033838748931884766,49.04736328125,9.429648399353027,bert
relu,10,0.3,256,decreasing,0.0001,1e-05,0.9993249773979187,1.0831912755966187,59.55561828613281,12.455758094787598,71.27737426757812,14.47659969329834,-0.0169144868850708,-0.040998220443725586,52.79804992675781,9.617526054382324,bert
relu,10,0.3,256,decreasing,0.0001,1e-06,1.003884196281433,1.101199984550476,59.95790481567383,12.533373832702637,72.249267578125,14.532087326049805,-0.044835686683654785,-0.048993468284606934,58.55413818359375,10.022003173828125,bert
relu,10,0.3,256,constant,0.001,1e-05,0.9991863965988159,1.0648759603500366,59.37506866455078,12.166901588439941,70.86868286132812,14.301497459411621,-0.0052863359451293945,-0.015967607498168945,48.74418640136719,8.537109375,bert
relu,10,0.3,256,constant,0.001,1e-06,0.8247002959251404,0.9329094886779785,51.21718978881836,11.492561340332031,64.31600952148438,13.940159797668457,0.1720212697982788,0.034722208976745605,41.052642822265625,10.403178215026855,bert
relu,10,0.3,256,constant,0.0001,1e-05,0.9973273277282715,1.072948694229126,59.59056091308594,12.208685874938965,71.34368896484375,14.321931838989258,-0.018807649612426758,-0.018872976303100586,53.29817199707031,8.693367958068848,bert
relu,10,0.3,256,constant,0.0001,1e-06,1.0000567436218262,1.0734747648239136,59.468841552734375,12.2992525100708,71.1277084350586,14.37192153930664,-0.012648344039916992,-0.02599787712097168,51.554412841796875,9.032144546508789,bert
relu,10,0.3,512,decreasing,0.001,1e-05,1.0034624338150024,1.0745549201965332,59.449913024902344,12.33321762084961,71.09783172607422,14.392691612243652,-0.011797904968261719,-0.02896559238433838,51.282073974609375,9.158994674682617,bert
relu,10,0.3,512,decreasing,0.001,1e-06,1.0391979217529297,1.0607048273086548,59.45797348022461,12.082635879516602,70.7100830078125,14.265425682067871,-0.0007916688919067383,-0.01084911823272705,41.6185302734375,8.222651481628418,bert
relu,10,0.3,512,decreasing,0.0001,1e-05,1.0068423748016357,1.1031936407089233,60.06910705566406,12.473101615905762,72.58929443359375,14.489624977111816,-0.05469334125518799,-0.04287230968475342,60.134796142578125,9.682035446166992,bert
relu,10,0.3,512,decreasing,0.0001,1e-06,0.9983267784118652,1.086609959602356,59.757938385009766,12.397076606750488,71.75384521484375,14.436066627502441,-0.03055548667907715,-0.035176873207092285,56.35475158691406,9.440206527709961,bert
relu,10,0.3,512,constant,0.001,1e-05,1.0136594772338867,1.0709065198898315,59.453330993652344,12.244769096374512,71.10314178466797,14.34090805053711,-0.01194906234741211,-0.021574735641479492,51.3310546875,8.828271865844727,bert
relu,10,0.3,512,constant,0.001,1e-06,1.0054415464401245,1.0663481950759888,59.375572204589844,12.210644721984863,70.86531066894531,14.322920799255371,-0.005190610885620117,-0.019013643264770508,48.69789123535156,8.700708389282227,bert
relu,10,0.3,512,constant,0.0001,1e-05,0.9948631525039673,1.0704454183578491,59.40229797363281,12.259900093078613,71.02733612060547,14.349227905273438,-0.009792447090148926,-0.022760391235351562,50.59870910644531,8.88506031036377,bert
relu,10,0.3,512,constant,0.0001,1e-06,1.0066992044448853,1.0716427564620972,59.43183898925781,12.274820327758789,71.07029724121094,14.357614517211914,-0.011014223098754883,-0.023956298828125,51.02131652832031,8.941452026367188,bert
gelu,3,0.1,256,decreasing,0.001,1e-05,0.6885623931884766,0.8255165219306946,46.51014709472656,11.012530326843262,59.849571228027344,13.323650360107422,0.28302645683288574,0.11821389198303223,39.1494140625,9.90125846862793,bert
gelu,3,0.1,256,decreasing,0.001,1e-06,0.6059591770172119,0.8354909420013428,44.516109466552734,11.47093677520752,57.112396240234375,13.85805892944336,0.34710729122161865,0.046058714389801025,36.46327209472656,10.825855255126953,bert
gelu,3,0.1,256,decreasing,0.0001,1e-05,0.6739705204963684,0.8408539295196533,46.78156661987305,11.175203323364258,58.78299331665039,13.63941478729248,0.308353066444397,0.07592272758483887,40.912506103515625,10.212820053100586,bert
gelu,3,0.1,256,decreasing,0.0001,1e-06,0.7000508904457092,0.8489970564842224,48.004756927490234,11.098352432250977,60.147682189941406,13.548140525817871,0.27586615085601807,0.08824902772903442,41.694732666015625,10.566902160644531,bert
gelu,3,0.1,256,constant,0.001,1e-05,0.6522759795188904,0.8368340134620667,46.521148681640625,11.197686195373535,58.90030288696289,13.568562507629395,0.30558979511260986,0.0854983925819397,38.677154541015625,9.872864723205566,bert
gelu,3,0.1,256,constant,0.001,1e-06,0.577254593372345,0.8344531655311584,44.74343490600586,11.208003997802734,57.39460754394531,13.78057861328125,0.34063905477523804,0.05669581890106201,36.5145263671875,10.353070259094238,bert
gelu,3,0.1,256,constant,0.0001,1e-05,0.7024953961372375,0.8465378880500793,47.91057586669922,11.11142349243164,59.72809600830078,13.58073616027832,0.2859339118003845,0.08385670185089111,39.57600402832031,10.655744552612305,bert
gelu,3,0.1,256,constant,0.0001,1e-06,0.7010776996612549,0.8454567193984985,48.192962646484375,11.05874252319336,59.97666931152344,13.530755043029785,0.27997809648513794,0.09058761596679688,41.10917663574219,10.42464828491211,bert
gelu,3,0.1,512,decreasing,0.001,1e-05,0.6624559760093689,0.8049875497817993,46.048301696777344,10.817292213439941,57.7245979309082,13.29008674621582,0.3330352306365967,0.1226508617401123,40.04951477050781,9.27364730834961,bert
gelu,3,0.1,512,decreasing,0.001,1e-06,0.6940734386444092,0.8574057817459106,48.333927154541016,11.04886531829834,61.04816818237305,13.508352279663086,0.25402146577835083,0.0935964584350586,39.61210632324219,9.797584533691406,bert
gelu,3,0.1,512,decreasing,0.0001,1e-05,0.6431928277015686,0.8514330983161926,46.44499588012695,11.284125328063965,58.415287017822266,13.879353523254395,0.31697893142700195,0.04312485456466675,40.20219421386719,10.620901107788086,bert
gelu,3,0.1,512,decreasing,0.0001,1e-06,0.6600117087364197,0.8432474136352539,46.716983795166016,11.261115074157715,58.62810516357422,13.716972351074219,0.3119931221008301,0.06538379192352295,38.15325927734375,10.345094680786133,bert
gelu,3,0.1,512,constant,0.001,1e-05,0.6039090752601624,0.818081796169281,44.80238342285156,10.980379104614258,57.730587005615234,13.508163452148438,0.332896888256073,0.09362185001373291,37.982086181640625,10.24101734161377,bert
gelu,3,0.1,512,constant,0.001,1e-06,0.673235297203064,0.8545305728912354,46.7225456237793,11.197332382202148,59.14498519897461,13.823307991027832,0.2998083829879761,0.050837159156799316,40.8953857421875,10.025815963745117,bert
gelu,3,0.1,512,constant,0.0001,1e-05,0.7005064487457275,0.8280861973762512,47.18369674682617,10.969417572021484,58.62504577636719,13.519974708557129,0.3120649456977844,0.09203606843948364,39.01837158203125,9.947980880737305,bert
gelu,3,0.1,512,constant,0.0001,1e-06,0.6888957619667053,0.8364979028701782,47.15855407714844,10.988967895507812,59.288787841796875,13.521929740905762,0.29639947414398193,0.09177350997924805,39.82463073730469,9.820110321044922,bert
gelu,3,0.3,256,decreasing,0.001,1e-05,0.7105996608734131,0.8372041583061218,47.40752029418945,11.022146224975586,60.204708099365234,13.384021759033203,0.27449244260787964,0.11020475625991821,41.135955810546875,10.215829849243164,bert
gelu,3,0.3,256,decreasing,0.001,1e-06,0.6474390029907227,0.8233810067176819,45.938663482666016,11.054862022399902,58.3131217956543,13.524443626403809,0.3193660378456116,0.09143584966659546,37.54522705078125,10.24687385559082,bert
gelu,3,0.3,256,decreasing,0.0001,1e-05,0.8231287002563477,0.9458025693893433,54.57169723510742,11.231178283691406,66.81246948242188,13.616365432739258,0.10649687051773071,0.07904326915740967,49.251953125,10.62502384185791,bert
gelu,3,0.3,256,decreasing,0.0001,1e-06,0.6946282386779785,0.8479400277137756,47.535831451416016,11.198328971862793,59.657615661621094,13.621912956237793,0.28761816024780273,0.07829278707504272,41.590423583984375,10.463761329650879,bert
gelu,3,0.3,256,constant,0.001,1e-05,0.6316130757331848,0.8386182188987732,46.80605697631836,11.069496154785156,58.893409729003906,13.62423324584961,0.3057522773742676,0.07797873020172119,39.91096496582031,10.278179168701172,bert
gelu,3,0.3,256,constant,0.001,1e-06,0.6005201935768127,0.8288020491600037,44.741207122802734,11.217888832092285,57.17988586425781,13.765020370483398,0.34556329250335693,0.05882465839385986,38.03753662109375,10.753533363342285,bert
gelu,3,0.3,256,constant,0.0001,1e-05,0.7048280239105225,0.8439908027648926,47.835357666015625,10.970817565917969,59.90129470825195,13.515583992004395,0.2817866802215576,0.09262573719024658,42.70423889160156,10.30643081665039,bert
gelu,3,0.3,256,constant,0.0001,1e-06,0.7541491389274597,0.8626430034637451,49.825077056884766,10.967419624328613,61.79863357543945,13.428266525268555,0.235568106174469,0.10431212186813354,44.33583068847656,10.35644245147705,bert
gelu,3,0.3,512,decreasing,0.001,1e-05,0.6609001159667969,0.8437044620513916,46.4033088684082,11.178518295288086,58.71593475341797,13.66832447052002,0.3099302053451538,0.07200133800506592,36.86651611328125,10.299769401550293,bert
gelu,3,0.3,512,decreasing,0.001,1e-06,0.6264142394065857,0.8056073188781738,44.92666244506836,10.83052921295166,58.30052185058594,13.255047798156738,0.3196601867675781,0.12727099657058716,35.42619323730469,9.941919326782227,bert
gelu,3,0.3,512,decreasing,0.0001,1e-05,0.6488706469535828,0.8300601243972778,46.371192932128906,11.180044174194336,57.98980712890625,13.644189834594727,0.32689255475997925,0.07527554035186768,38.70643615722656,10.679021835327148,bert
gelu,3,0.3,512,decreasing,0.0001,1e-06,0.712985098361969,0.8521870970726013,48.30702590942383,11.093613624572754,59.9871826171875,13.586064338684082,0.27972567081451416,0.0831376314163208,41.06939697265625,10.50297737121582,bert
gelu,3,0.3,512,constant,0.001,1e-05,0.6540279984474182,0.8561647534370422,47.65412139892578,10.960071563720703,60.91697692871094,13.493151664733887,0.2572242021560669,0.0956352949142456,38.78028869628906,9.537725448608398,bert
gelu,3,0.3,512,constant,0.001,1e-06,0.6060646772384644,0.8473930954933167,44.730838775634766,11.43486499786377,57.51023483276367,14.004042625427246,0.33797961473464966,0.025854885578155518,36.595489501953125,10.698469161987305,bert
gelu,3,0.3,512,constant,0.0001,1e-05,0.6820995211601257,0.8403050899505615,47.45294952392578,11.036327362060547,59.327823638916016,13.55557918548584,0.2954726219177246,0.08724761009216309,40.86631774902344,10.307356834411621,bert
gelu,3,0.3,512,constant,0.0001,1e-06,0.6801817417144775,0.8372592926025391,47.3117561340332,11.072898864746094,58.845420837402344,13.618001937866211,0.3068832755088806,0.07882189750671387,39.28208923339844,10.535758972167969,bert
gelu,5,0.1,256,decreasing,0.001,1e-05,0.6982723474502563,0.8271203637123108,45.84977340698242,11.084136009216309,59.321067810058594,13.38325023651123,0.29563307762145996,0.11030727624893188,37.87342834472656,10.863126754760742,bert
gelu,5,0.1,256,decreasing,0.001,1e-06,0.6413019299507141,0.8816275000572205,47.34272766113281,11.538631439208984,60.02621841430664,14.083806991577148,0.27878791093826294,0.014726221561431885,41.10685729980469,11.402595520019531,bert
gelu,5,0.1,256,decreasing,0.0001,1e-05,0.7454147338867188,0.8723738193511963,48.89898681640625,11.387628555297852,61.282535552978516,13.676295280456543,0.24828273057937622,0.07091856002807617,40.44093322753906,11.181716918945312,bert
gelu,5,0.1,256,decreasing,0.0001,1e-06,0.7067456245422363,0.8133179545402527,45.518402099609375,11.077138900756836,57.670902252197266,13.475088119506836,0.334275484085083,0.09805506467819214,36.69200134277344,10.58060359954834,bert
gelu,5,0.1,256,constant,0.001,1e-05,0.6305487155914307,0.8344221711158752,46.00546646118164,11.262543678283691,57.47087860107422,13.731907844543457,0.33888542652130127,0.06334733963012695,40.835906982421875,10.37939739227295,bert
gelu,5,0.1,256,constant,0.001,1e-06,0.5515627264976501,0.8665237426757812,45.313377380371094,11.36257553100586,58.63875198364258,14.019002914428711,0.31174325942993164,0.023772358894348145,34.73211669921875,10.320940971374512,bert
gelu,5,0.1,256,constant,0.0001,1e-05,0.6582579612731934,0.8517323732376099,46.89634704589844,11.348396301269531,59.123130798339844,13.76551628112793,0.30032581090927124,0.058756887912750244,38.2125244140625,10.247032165527344,bert
gelu,5,0.1,256,constant,0.0001,1e-06,0.7300927042961121,0.8710289001464844,48.985862731933594,11.158455848693848,61.499473571777344,13.613900184631348,0.24295127391815186,0.07937675714492798,41.18577575683594,10.508134841918945,bert
gelu,5,0.1,512,decreasing,0.001,1e-05,0.6605211496353149,0.8629621863365173,48.319698333740234,11.419604301452637,60.44980239868164,13.635587692260742,0.2685732841491699,0.07644128799438477,38.673828125,10.86539363861084,bert
gelu,5,0.1,512,decreasing,0.001,1e-06,0.6771805882453918,0.8356791734695435,47.006683349609375,11.080318450927734,59.67843246459961,13.441998481750488,0.2871209383010864,0.10247921943664551,40.764678955078125,10.723727226257324,bert
gelu,5,0.1,512,decreasing,0.0001,1e-05,0.7557156085968018,0.8564274311065674,48.263877868652344,11.28546142578125,60.47722625732422,13.641226768493652,0.2679094672203064,0.07567715644836426,42.170562744140625,10.929464340209961,bert
gelu,5,0.1,512,decreasing,0.0001,1e-06,0.6775779128074646,0.8577539920806885,46.93440628051758,11.505342483520508,59.508365631103516,13.787650108337402,0.2911781668663025,0.05572754144668579,40.110870361328125,10.976116180419922,bert
gelu,5,0.1,512,constant,0.001,1e-05,0.7305339574813843,0.8390709757804871,47.76340103149414,11.057672500610352,59.42859649658203,13.537551879882812,0.29307711124420166,0.08967375755310059,39.61869812011719,10.208696365356445,bert
gelu,5,0.1,512,constant,0.001,1e-06,0.6402701735496521,0.8570404052734375,45.97246551513672,11.551667213439941,58.1324462890625,13.979326248168945,0.32357722520828247,0.029290497303009033,38.93754577636719,11.012710571289062,bert
gelu,5,0.1,512,constant,0.0001,1e-05,0.6669678688049316,0.8533654808998108,46.7740478515625,11.334033012390137,58.58743667602539,13.871116638183594,0.3129473328590393,0.04426020383834839,38.86372375488281,10.309836387634277,bert
gelu,5,0.1,512,constant,0.0001,1e-06,0.7247262001037598,0.852647602558136,48.32158279418945,11.10015869140625,60.59525680541992,13.52036190032959,0.2650490999221802,0.09198415279388428,40.549713134765625,10.058065414428711,bert
gelu,5,0.3,256,decreasing,0.001,1e-05,0.7836061716079712,0.8919634222984314,51.94394302368164,11.035633087158203,63.36574935913086,13.45196533203125,0.1963070034980774,0.10114783048629761,44.69657897949219,10.476303100585938,bert
gelu,5,0.3,256,decreasing,0.001,1e-06,0.6466231942176819,0.8404397368431091,45.93430709838867,11.21737003326416,59.712379455566406,13.540265083312988,0.2863096594810486,0.08930879831314087,34.192840576171875,10.730447769165039,bert
gelu,5,0.3,256,decreasing,0.0001,1e-05,0.881089985370636,0.9920336604118347,54.97585678100586,12.050702095031738,66.84076690673828,14.186655044555664,0.10573971271514893,0.0002835988998413086,49.26409912109375,9.629217147827148,bert
gelu,5,0.3,256,decreasing,0.0001,1e-06,0.8508977293968201,0.9352605938911438,54.55210494995117,11.248619079589844,66.38394927978516,13.5352201461792,0.11792153120040894,0.08998721837997437,46.40324401855469,11.269206047058105,bert
gelu,5,0.3,256,constant,0.001,1e-05,0.6434333920478821,0.8537832498550415,47.77312088012695,11.230143547058105,60.376068115234375,13.555046081542969,0.27035653591156006,0.08731937408447266,41.14674377441406,9.763163566589355,bert
gelu,5,0.3,256,constant,0.001,1e-06,0.669995129108429,0.8496384620666504,46.95841979980469,11.304946899414062,59.29692077636719,13.71912670135498,0.29620641469955444,0.06509006023406982,41.896453857421875,10.837125778198242,bert
gelu,5,0.3,256,constant,0.0001,1e-05,0.7004507780075073,0.8512303233146667,46.94935607910156,11.460517883300781,58.96028518676758,13.826414108276367,0.3041747212409973,0.05041038990020752,39.780487060546875,10.811643600463867,bert
gelu,5,0.3,256,constant,0.0001,1e-06,0.6677553057670593,0.839725911617279,46.12076950073242,11.332804679870605,58.59323501586914,13.720470428466797,0.31281131505966187,0.0649070143699646,38.64533996582031,10.642738342285156,bert
gelu,5,0.3,512,decreasing,0.001,1e-05,0.6403563618659973,0.8443905711174011,44.29585647583008,11.467827796936035,58.44688034057617,13.777122497558594,0.31623995304107666,0.05716902017593384,32.6917724609375,10.989697456359863,bert
gelu,5,0.3,512,decreasing,0.001,1e-06,0.7246695160865784,0.8178050518035889,46.812843322753906,11.002298355102539,59.67173385620117,13.233482360839844,0.28728097677230835,0.1301085352897644,41.21214294433594,10.409744262695312,bert
gelu,5,0.3,512,decreasing,0.0001,1e-05,0.7519055008888245,0.871841549873352,48.57268524169922,11.351303100585938,60.56558609008789,13.763824462890625,0.2657686471939087,0.058988213539123535,41.88737487792969,11.118379592895508,bert
gelu,5,0.3,512,decreasing,0.0001,1e-06,0.6991289854049683,0.848932147026062,47.33042907714844,11.207709312438965,59.54050827026367,13.63611125946045,0.2904122471809387,0.0763702392578125,39.448394775390625,10.672904014587402,bert
gelu,5,0.3,512,constant,0.001,1e-05,0.74440598487854,0.8437396883964539,48.68996810913086,10.963071823120117,60.960655212402344,13.340316772460938,0.256158709526062,0.11600643396377563,41.26805114746094,10.043159484863281,bert
gelu,5,0.3,512,constant,0.001,1e-06,0.696749746799469,0.8188934922218323,46.93110275268555,10.942023277282715,59.076351165771484,13.275075912475586,0.3014324903488159,0.12463164329528809,39.269744873046875,9.803173065185547,bert
gelu,5,0.3,512,constant,0.0001,1e-05,0.7113661766052246,0.8420339822769165,47.80965042114258,11.094076156616211,59.70803451538086,13.521341323852539,0.2864135503768921,0.09185260534286499,41.88041687011719,10.28416633605957,bert
gelu,5,0.3,512,constant,0.0001,1e-06,0.698854386806488,0.8415355682373047,46.986663818359375,11.177868843078613,59.15407943725586,13.630372047424316,0.2995930314064026,0.07714760303497314,38.43672180175781,10.635324478149414,bert
gelu,10,0.1,256,decreasing,0.001,1e-05,0.7708452939987183,0.9172220230102539,48.35044479370117,12.31209945678711,60.20650863647461,14.399637222290039,0.27444905042648315,-0.02995884418487549,41.87171936035156,11.626923561096191,bert
gelu,10,0.1,256,decreasing,0.001,1e-06,0.9847393035888672,1.0694502592086792,59.39861297607422,12.324880599975586,70.74893951416016,14.387494087219238,-0.0018919706344604492,-0.02822256088256836,46.690673828125,9.12784194946289,bert
gelu,10,0.1,256,decreasing,0.0001,1e-05,0.9912855625152588,1.0744794607162476,59.37147521972656,12.391496658325195,70.8918228149414,14.430850982666016,-0.005942940711975098,-0.034428954124450684,49.05352783203125,9.376898765563965,bert
gelu,10,0.1,256,decreasing,0.0001,1e-06,1.012715458869934,1.0714393854141235,59.80349349975586,11.854171752929688,71.81755065917969,14.200416564941406,-0.03238630294799805,-0.0016570091247558594,56.29737854003906,7.507715225219727,bert
gelu,10,0.1,256,constant,0.001,1e-05,1.0043493509292603,1.073034644126892,59.46904373168945,12.28878402709961,71.12798309326172,14.36574935913086,-0.012656211853027344,-0.025116801261901855,51.556365966796875,8.99284553527832,bert
gelu,10,0.1,256,constant,0.001,1e-06,0.738814651966095,0.8657748103141785,44.5924186706543,12.255382537841797,56.59514236450195,14.363922119140625,0.3588799238204956,-0.024856090545654297,35.941650390625,9.062414169311523,bert
gelu,10,0.1,256,constant,0.0001,1e-05,0.9962859749794006,1.072659969329834,59.370662689208984,12.326214790344238,70.98416900634766,14.388320922851562,-0.008565306663513184,-0.028340697288513184,50.146209716796875,9.132807731628418,bert
gelu,10,0.1,256,constant,0.0001,1e-06,0.9956670999526978,1.074276089668274,59.457427978515625,12.323376655578613,71.10955047607422,14.38656234741211,-0.012131452560424805,-0.028089404106140137,51.3897705078125,9.1221923828125,bert
gelu,10,0.1,512,decreasing,0.001,1e-05,0.8170799612998962,0.9505727291107178,52.65538024902344,11.878713607788086,64.69371032714844,14.068788528442383,0.16226786375045776,0.016826331615447998,44.59226989746094,10.879280090332031,bert
gelu,10,0.1,512,decreasing,0.001,1e-06,1.0066070556640625,1.0615289211273193,59.47105407714844,11.826900482177734,71.13288879394531,14.198274612426758,-0.01279592514038086,-0.0013546943664550781,51.6243896484375,7.499999046325684,bert
gelu,10,0.1,512,decreasing,0.0001,1e-05,1.0097769498825073,1.070422649383545,59.74869918823242,11.915081977844238,71.68683624267578,14.214183807373047,-0.02863168716430664,-0.0036001205444335938,55.564697265625,7.595521926879883,bert
gelu,10,0.1,512,decreasing,0.0001,1e-06,0.8770450353622437,0.9872409701347351,52.96297073364258,12.349149703979492,65.19436645507812,14.427556991577148,0.14925146102905273,-0.03395688533782959,43.783477783203125,10.294844627380371,bert
gelu,10,0.1,512,constant,0.001,1e-05,0.9969736337661743,1.059732437133789,59.53471755981445,11.571331977844238,71.24459838867188,14.14830493927002,-0.015979528427124023,0.005681216716766357,52.504730224609375,7.699654579162598,bert
gelu,10,0.1,512,constant,0.001,1e-06,0.9872294664382935,1.061475157737732,59.46982192993164,12.005269050598145,71.14960479736328,14.19973373413086,-0.01327204704284668,-0.0015605688095092773,48.78312683105469,8.457793235778809,bert
gelu,10,0.1,512,constant,0.0001,1e-05,1.0231729745864868,1.0728569030761719,59.3803825378418,12.326610565185547,70.99713897705078,14.388566017150879,-0.00893402099609375,-0.028375864028930664,50.2855224609375,9.134284019470215,bert
gelu,10,0.1,512,constant,0.0001,1e-06,1.0038549900054932,1.0726311206817627,59.43864822387695,12.294916152954102,71.08058166503906,14.369355201721191,-0.011307001113891602,-0.02563166618347168,51.12060546875,9.015779495239258,bert
gelu,10,0.3,256,decreasing,0.001,1e-05,0.9926705360412598,1.0749599933624268,59.51607894897461,12.3079833984375,71.20649719238281,14.377161979675293,-0.014893174171447754,-0.026746273040771484,52.230499267578125,9.064638137817383,bert
gelu,10,0.3,256,decreasing,0.001,1e-06,0.9954314231872559,1.0644865036010742,59.375648498535156,12.15645980834961,70.86511993408203,14.296656608581543,-0.005185246467590332,-0.015279889106750488,48.694549560546875,8.498093605041504,bert
gelu,10,0.3,256,decreasing,0.0001,1e-05,0.9947722554206848,1.0783816576004028,59.5134391784668,12.38333797454834,71.20191955566406,14.425314903259277,-0.014762639999389648,-0.033635497093200684,52.192626953125,9.346391677856445,bert
gelu,10,0.3,256,decreasing,0.0001,1e-06,0.9953058362007141,1.0597553253173828,59.452720642089844,11.919848442077637,71.1032943725586,14.185182571411133,-0.011953234672546387,0.0004910826683044434,51.3802490234375,7.9019317626953125,bert
gelu,10,0.3,256,constant,0.001,1e-05,0.9974085688591003,1.0714679956436157,59.39892578125,12.286460876464844,71.02263641357422,14.364392280578613,-0.00965869426727295,-0.024923205375671387,50.551177978515625,8.98415756225586,bert
gelu,10,0.3,256,constant,0.001,1e-06,0.7298228740692139,0.8985944986343384,46.791954040527344,12.268863677978516,59.14199447631836,14.371479988098145,0.29987919330596924,-0.025934815406799316,40.751190185546875,9.354500770568848,bert
gelu,10,0.3,256,constant,0.0001,1e-05,0.9999844431877136,1.0737437009811401,59.36781311035156,12.369503021240234,70.91668701171875,14.4160737991333,-0.006648659706115723,-0.03231155872344971,49.368072509765625,9.294663429260254,bert
gelu,10,0.3,256,constant,0.0001,1e-06,1.007523536682129,1.0671697854995728,59.37294387817383,12.226724624633789,70.88219451904297,14.331259727478027,-0.005669713020324707,-0.020200490951538086,48.9268798828125,8.760799407958984,bert
gelu,10,0.3,512,decreasing,0.001,1e-05,0.9958875179290771,1.0748813152313232,59.397064208984375,12.363554000854492,71.02003479003906,14.412156105041504,-0.009584903717041016,-0.03175067901611328,50.52459716796875,9.272418022155762,bert
gelu,10,0.3,512,decreasing,0.001,1e-06,1.0008267164230347,1.065547227859497,59.2783317565918,12.246038436889648,71.20840454101562,14.29538631439209,-0.01494753360748291,-0.015099406242370605,50.92192077636719,11.658817291259766,bert
gelu,10,0.3,512,decreasing,0.0001,1e-05,1.0203845500946045,1.055188775062561,59.42424774169922,11.71303939819336,70.68795013427734,14.188989639282227,-0.00016546249389648438,-4.5418739318847656e-05,44.51416015625,7.500002861022949,bert
gelu,10,0.3,512,decreasing,0.0001,1e-06,0.9993708729743958,1.0750154256820679,59.69668197631836,12.176868438720703,71.56621551513672,14.306218147277832,-0.025173068046569824,-0.01663839817047119,54.819091796875,8.574384689331055,bert
gelu,10,0.3,512,constant,0.001,1e-05,1.0186262130737305,1.0655843019485474,59.469600677490234,12.069153785705566,71.12886810302734,14.260289192199707,-0.01268148422241211,-0.01012110710144043,51.564300537109375,8.171613693237305,bert
gelu,10,0.3,512,constant,0.001,1e-06,1.0020582675933838,1.0567585229873657,59.40711975097656,12.111475944519043,70.97061157226562,14.184638977050781,-0.00818014144897461,0.0005676746368408203,50.736724853515625,9.735487937927246,bert
gelu,10,0.3,512,constant,0.0001,1e-05,0.9973512887954712,1.072640061378479,59.4741325378418,12.276549339294434,71.13616180419922,14.358658790588379,-0.01288902759552002,-0.024105191230773926,51.629180908203125,8.947090148925781,bert
gelu,10,0.3,512,constant,0.0001,1e-06,1.0029003620147705,1.0730735063552856,59.47642517089844,12.28573226928711,71.13988494873047,14.36396598815918,-0.012995123863220215,-0.02486240863800049,51.66217041015625,8.981435775756836,bert
